filename,ImageName,imageID,url,comments,type,category
sci1.png,2008 Bachthaler 10.1109:TVCG.2008.119 1.png,,,,,
sci2.png,2008 Bachthaler 10.1109:TVCG.2008.119 2.png,,,,,
sci4.png,2008 BuÃÂÃÂÃÂÃÂ rger 10.1109:TVCG.2008.120.png,,,,,
sci5.png,2008 Caban 10.1109:TVCG.2008.169 1.png,,,,,
sci6.png,2008 Caban 10.1109:TVCG.2008.169 2.png,,,,,
sci7.png,2008 Caban 10.1109:TVCG.2008.169 3.png,,,,,
sci8.png,2008 Correa 10.1109:TVCG.2008.162 1.png,,,,,
sci9.png,2008 Correa 10.1109:TVCG.2008.162 2.png,,,,,
sci10.png,2008 Degener 10.1109:TVCG.2008.124.png,,,,,
sci11.png,2008 Dietrich 10.1109:TVCG.2008.122 1.png,,,,,
sci12.png,2008 Dietrich 10.1109:TVCG.2008.122 2.png,,,,,
sci13.png,2008 Dietrich 10.1109:TVCG.2008.122 3.png,,,,,
sci14.png,2008 Funck 10.1109:TVCG.2008.163 1.png,,,,,
sci15.png,2008 Funck 10.1109:TVCG.2008.163 2.png,,,,,
sci16.png,2008 Funck 10.1109:TVCG.2008.163 3.png,,,,,
sci18.png,2008 Funck 10.1109:TVCG.2008.163 5.png,,,,,
sci19.png,2008 Garth 10.1109:TVCG.2008.133 1.png,,,,,
sci20.png,2008 Garth 10.1109:TVCG.2008.133 2.png,,,,,
sci21.png,2008 Garth 10.1109:TVCG.2008.133 3.png,,,,,
sci22.png,2008 Garth 10.1109:TVCG.2008.133 4.png,,,,,
sci23.png,2008 Gosink 10.1109:TVCG.2008.157.png,,,,,
sci24.png,2008 Hentschel 10.1109:TVCG.2008.142 1.png,,,,,
sci26.png,2008 Johnson 10.1109:TVCG.2008.146 1.png,,,,,
sci27.png,2008 Johnson 10.1109:TVCG.2008.146 2.png,,,,,
sci28.png,2008 Joshi 10.1109:TVCG.2008.150.png,,,,,
sci29.png,2008 Kim 10.1109:TVCG.2008.115.png,,,,,
sci30.png,2008 Koop 10.1109:TVCG.2008.174.png,,,,,
sci31.png,2008 KruÃÂÃÂÃÂÃÂ ger 10.1109:TVCG.2008.161.png,,,,,
sci32.png,2008 Ledergerber 10.1109:TVCG.2008.186 1.png,,,,,
sci33.png,2008 Ledergerber 10.1109:TVCG.2008.186 2.png,,,,,
sci34.png,2008 Ledergerber 10.1109:TVCG.2008.186 3.png,,,,,
sci35.png,2008 Ledergerber 10.1109:TVCG.2008.186 4.png,,,,,
sci36.png,2008 Ledergerber 10.1109:TVCG.2008.186 5.png,,,,,
sci40.png,2008 Leitte 10.1109:TVCG.2008.116 4.png,,,,,
sci42.png,2008 Li 10.1109:TVCG.2008.182 2.png,,,,,
sci43.png,2008 Linsen 10.1109:TVCG.2008.167 1.png,,,,,
sci44.png,2008 Linsen 10.1109:TVCG.2008.167 2.png,,,,,
sci45.png,2008 Linsen 10.1109:TVCG.2008.167 3.png,,,,,
sci46.png,2008 Linsen 10.1109:TVCG.2008.167 4.png,,,,,
sci48.png,2008 Mayerich 10.1109:TVCG.2008.179 1.png,,,,,
sci50.png,2008 Mayerich 10.1109:TVCG.2008.179 3.png,,,,,
sci51.png,2008 Mayerich 10.1109:TVCG.2008.179 4.png,,,,,
sci53.png,2008 Rosenthal 10.1109:TVCG.2008.164.png,,,,,
sci54.png,2008 Schneider 10.1109:TVCG.2008.143 1.png,,,,,
sci56.png,2008 Schneider 10.1109:TVCG.2008.143 3.png,,,,,
sci57.png,2008 Schneider 10.1109:TVCG.2008.143 4.png,,,,,
sci58.png,2008 Schultz 10.1109:TVCG.2008.128.png,,,,,
sci59.png,2008 Soni 10.1109:TVCG.2008.183 1.png,,,,,
sci60.png,2008 Soni 10.1109:TVCG.2008.183 2.png,,,,,
sci61.png,2008 Soni 10.1109:TVCG.2008.183 3.png,,,,,
sci62.png,2008 Termeer 10.1109:TVCG.2008.180 1.png,,,,,
sci63.png,2008 Termeer 10.1109:TVCG.2008.180 2.png,,,,,
sci64.png,2008 Termeer 10.1109:TVCG.2008.180 3.png,,,,,
sci65.png,2008 Tricoche 10.1109:TVCG.2008.148 1.png,,,,,
sci66.png,2008 Tricoche 10.1109:TVCG.2008.148 2.png,,,,,
sci67.png,2008 Tricoche 10.1109:TVCG.2008.148 3.png,,,,,
sci69.png,2008 Wang 10.1109:TVCG.2008.140 2.png,,,,,
sci71.png,2008 Wang 10.1109:TVCG.2008.140 4.png,,,,,
sci73.png,2008 Zhou 10.1109:TVCG.2008.176 1.png,,,,,
sci74.png,2008 Zhou 10.1109:TVCG.2008.176 2.png,,,,,
sci76.png,2009 Banks 10.1109:TVCG.2009.137 1.png,,,,,
sci77.png,2009 Banks 10.1109:TVCG.2009.137 2.png,,,,,
sci79.png,2009 Brecheisen 10.1109:TVCG.2009.170.png,,,,,
sci80.png,2009 BuÃÂÃÂÃÂÃÂ rger 10.1109:TVCG.2009.154 1.png,,,,,
sci81.png,2009 BuÃÂÃÂÃÂÃÂ rger 10.1109:TVCG.2009.154 2.png,,,,,
sci82.png,2009 BuÃÂÃÂÃÂÃÂ rger 10.1109:TVCG.2009.154 3.png,,,,,
sci83.png,2009 BuÃÂÃÂÃÂÃÂ rger 10.1109:TVCG.2009.154 4.png,,,,,
sci85.png,2009 Chen 10.1109:TVCG.2009.203 2.png,,,,,
sci86.png,2009 Chu 10.1109:TVCG.2009.147 1.png,,,,,
sci87.png,2009 Chu 10.1109:TVCG.2009.147 2.png,,,,,
sci89.png,2009 Chu 10.1109:TVCG.2009.147 4.png,,,,,
sci91.png,2009 Correa 10.1109:TVCG.2009.189 2.png,,,,,
sci92.png,2009 Correa 10.1109:TVCG.2009.189 3.png,,,,,
sci93.png,2009 Correa 10.1109:TVCG.2009.189 4.png,,,,,
sci94.png,2009 Demiralp 10.1109:TVCG.2009.125 1.png,,,,,
sci95.png,2009 Demiralp 10.1109:TVCG.2009.125 2.png,,,,,
sci96.png,2009 Demiralp 10.1109:TVCG.2009.125 3.png,,,,,
sci97.png,2009 Demiralp 10.1109:TVCG.2009.125 4.png,,,,,
sci100.png,2009 Dick 10.1109:TVCG.2009.184 2.png,,,,,
sci101.png,2009 Everts 10.1109:TVCG.2009.138 1.png,,,,,
sci102.png,2009 Everts 10.1109:TVCG.2009.138 2.png,,,,,
sci104.png,2009 Forsberg 10.1109:TVCG.2009.126 1.png,,,,,
sci105.png,2009 Forsberg 10.1109:TVCG.2009.126 2.png,,,,,
sci106.png,2009 Fraedrich 10.1109:TVCG.2009.142 1.png,,,,,
sci107.png,2009 Fraedrich 10.1109:TVCG.2009.142 2.png,,,,,
sci108.png,2009 Fritz 10.1109:TVCG.2009.115 1.png,,,,,
sci109.png,2009 Fritz 10.1109:TVCG.2009.115 2.png,,,,,
sci111.png,2009 Jeong 10.1109:TVCG.2009.178.png,,,,,
sci112.png,2009 Jianu 10.1109:TVCG.2009.141.png,,,,,
sci113.png,2009 Kindlmann 10.1109:TVCG.2009.177 1.png,,,,,
sci114.png,2009 Kindlmann 10.1109:TVCG.2009.177 2.png,,,,,
sci115.png,2009 Kindlmann 10.1109:TVCG.2009.177 3.png,,,,,
sci116.png,2009 Kindlmann 10.1109:TVCG.2009.177 4.png,,,,,
sci117.png,2009 Kindlmann 10.1109:TVCG.2009.177 5.png,,,,,
sci118.png,2009 Krishnan 10.1109:TVCG.2009.190 1.png,,,,,
sci119.png,2009 Krishnan 10.1109:TVCG.2009.190 2.png,,,,,
sci120.png,2009 Krishnan 10.1109:TVCG.2009.190 3.png,,,,,
sci121.png,2009 Krone 10.1109:TVCG.2009.157 1.png,,,,,
sci123.png,2009 Krone 10.1109:TVCG.2009.157 3.png,,,,,
sci124.png,2009 Krone 10.1109:TVCG.2009.157 4.png,,,,,
sci125.png,2009 Lampe 10.1109:TVCG.2009.136 1.png,,,,,
sci126.png,2009 Lampe 10.1109:TVCG.2009.136 2.png,,,,,
sci127.png,2009 Lampe 10.1109:TVCG.2009.136 3.png,,,,,
sci128.png,2009 Lampe 10.1109:TVCG.2009.136 4.png,,,,,
sci130.png,2009 Leitte 10.1109:TVCG.2009.197.png,,,,,
sci131.png,2009 Marchesin 10.1109:TVCG.2009.149 1.png,,,,,
sci132.png,2009 Marchesin 10.1109:TVCG.2009.149 2.png,,,,,
sci133.png,2009 Marchesin 10.1109:TVCG.2009.149 3.png,,,,,
sci135.png,2009 Qu 10.1109:TVCG.2009.144.png,,,,,
sci136.png,2009 Sanyal 10.1109:TVCG.2009.114.png,,,,,
sci138.png,2009 Schindler 10.1109:TVCG.2009.173 2.png,,,,,
sci139.png,2009 Schindler 10.1109:TVCG.2009.173 3.png,,,,,
sci140.png,2009 Tierny 10.1109:TVCG.2009.163.png,,,,,
sci141.png,2009 Wan 10.1109:TVCG.2009.118 1.png,,,,,
sci143.png,2009 Wan 10.1109:TVCG.2009.118 3.png,,,,,
sci144.png,2009 Wan 10.1109:TVCG.2009.118 4.png,,,,,
sci146.png,2009 Ware 10.1109:TVCG.2009.175 1.png,,,,,
sci147.png,2009 Ware 10.1109:TVCG.2009.175 2.png,,,,,
sci148.png,2010 Amirkhanov 10.1109:TVCG.2010.214 1.png,,,,,
sci149.png,2010 Amirkhanov 10.1109:TVCG.2010.214 2.png,,,,,
sci150.png,2010 Born 10.1109:TVCG.2010.166 1.png,,,,,
sci151.png,2010 Born 10.1109:TVCG.2010.166 2.png,,,,,
sci152.png,2010 Born 10.1109:TVCG.2010.166 3.png,,,,,
sci154.png,2010 Born 10.1109:TVCG.2010.166 5.png,,,,,
sci155.png,2010 Born 10.1109:TVCG.2010.166 6.png,,,,,
sci157.png,2010 Cui 10.1109:TVCG.2010.127 2.png,,,,,
sci158.png,2010 Ferstl 10.1109:TVCG.2010.169 1.png,,,,,
sci159.png,2010 Ferstl 10.1109:TVCG.2010.169 2.png,,,,,
sci161.png,2010 Ferstl 10.1109:TVCG.2010.169 4.png,,,,,
sci162.png,2010 Ferstl 10.1109:TVCG.2010.169 5.png,,,,,
sci165.png,2010 Ferstl 10.1109:TVCG.2010.169 8.png,,,,,
sci166.png,2010 Fraedrich 10.1109:TVCG.2010.148 1.png,,,,,
sci167.png,2010 Fraedrich 10.1109:TVCG.2010.148 2.png,,,,,
sci168.png,2010 Fraedrich 10.1109:TVCG.2010.148 3.png,,,,,
sci170.png,2010 Fraedrich 10.1109:TVCG.2010.148 5.png,,,,,
sci171.png,2010 Fraedrich 10.1109:TVCG.2010.148 6.png,,,,,
sci172.png,2010 Fraedrich 10.1109:TVCG.2010.148 7.png,,,,,
sci173.png,2010 Garth 10.1109:TVCG.2010.156 1.png,,,,,
sci174.png,2010 Garth 10.1109:TVCG.2010.156 2.png,,,,,
sci175.png,2010 Gerber 10.1109:TVCG.2010.213.png,,,,,
sci176.png,2010 Guetat 10.1109:TVCG.2010.187.png,,,,,
sci177.png,2010 Hummel 10.1109:TVCG.2010.173 1.png,,,,,
sci178.png,2010 Hummel 10.1109:TVCG.2010.173 10.png,,,,,
sci179.png,2010 Hummel 10.1109:TVCG.2010.173 2.png,,,,,
sci181.png,2010 Hummel 10.1109:TVCG.2010.173 4.png,,,,,
sci182.png,2010 Hummel 10.1109:TVCG.2010.173 5.png,,,,,
sci183.png,2010 Hummel 10.1109:TVCG.2010.173 6.png,,,,,
sci184.png,2010 Hummel 10.1109:TVCG.2010.173 7.png,,,,,
sci185.png,2010 Hummel 10.1109:TVCG.2010.173 8.png,,,,,
sci186.png,2010 Hummel 10.1109:TVCG.2010.173 9.png,,,,,
sci188.png,2010 Jeong 10.1109:TVCG.2010.168 2.png,,,,,
sci189.png,2010 Jones 10.1109:TVCG.2010.218 1.png,,,,,
sci190.png,2010 Jones 10.1109:TVCG.2010.218 2.png,,,,,
sci191.png,2010 Jones 10.1109:TVCG.2010.218 3.png,,,,,
sci192.png,2010 Jones 10.1109:TVCG.2010.218 4.png,,,,,
sci193.png,2010 Jones 10.1109:TVCG.2010.218 5.png,,,,,
sci194.png,2010 Jones 10.1109:TVCG.2010.218 6.png,,,,,
sci196.png,2010 Jones 10.1109:TVCG.2010.218 8.png,,,,,
sci200.png,2010 Law 10.1109:TVCG.2010.189 2.png,,,,,
sci201.png,2010 Law 10.1109:TVCG.2010.189.png,,,,,
sci202.png,2010 Lee 10.1109:TVCG.2010.155.png,,,,,
sci203.png,2010 Lehmann 10.1109:TVCG.2010.146 1.png,,,,,
sci205.png,2010 Lehmann 10.1109:TVCG.2010.146 3.png,,,,,
sci206.png,2010 Lehmann 10.1109:TVCG.2010.146 4.png,,,,,
sci207.png,2010 Lindholm 10.1109:TVCG.2010.195 1.png,,,,,
sci208.png,2010 Lindholm 10.1109:TVCG.2010.195 2.png,,,,,
sci209.png,2010 Lindholm 10.1109:TVCG.2010.195 3.png,,,,,
sci210.png,2010 Lindholm 10.1109:TVCG.2010.195 4.png,,,,,
sci211.png,2010 Lindholm 10.1109:TVCG.2010.195 5.png,,,,,
sci212.png,2010 Lindholm 10.1109:TVCG.2010.195 6.png,,,,,
sci213.png,2010 Lindholm 10.1109:TVCG.2010.195 7.png,,,,,
sci214.png,2010 Marchesin 10.1109:TVCG.2010.212 1.png,,,,,
sci215.png,2010 Marchesin 10.1109:TVCG.2010.212 10.png,,,,,
sci217.png,2010 Marchesin 10.1109:TVCG.2010.212 12.png,,,,,
sci218.png,2010 Marchesin 10.1109:TVCG.2010.212 13.png,,,,,
sci219.png,2010 Marchesin 10.1109:TVCG.2010.212 2.png,,,,,
sci220.png,2010 Marchesin 10.1109:TVCG.2010.212 3.png,,,,,
sci222.png,2010 Marchesin 10.1109:TVCG.2010.212 5.png,,,,,
sci223.png,2010 Marchesin 10.1109:TVCG.2010.212 6.png,,,,,
sci224.png,2010 Marchesin 10.1109:TVCG.2010.212 7.png,,,,,
sci225.png,2010 Marchesin 10.1109:TVCG.2010.212 8.png,,,,,
sci226.png,2010 Marchesin 10.1109:TVCG.2010.212 9.png,,,,,
sci227.png,2010 MuÃÂÃÂÃÂÃÂ ller 10.1109:TVCG.2010.196 1.png,,,,,
sci228.png,2010 MuÃÂÃÂÃÂÃÂ ller 10.1109:TVCG.2010.196 2.png,,,,,
sci230.png,2010 Pelt 10.1109:TVCG.2010.153 2.png,,,,,
sci232.png,2010 Sanderson 10.1109:TVCG.2010.133 1.png,,,,,
sci233.png,2010 Sanderson 10.1109:TVCG.2010.133 2.png,,,,,
sci234.png,2010 Sanderson 10.1109:TVCG.2010.133 3.png,,,,,
sci235.png,2010 Sanderson 10.1109:TVCG.2010.133 4.png,,,,,
sci236.png,2010 Sanderson 10.1109:TVCG.2010.133 5.png,,,,,
sci237.png,2010 Sanyal 10.1109:TVCG.2010.181.png,,,,,
sci238.png,2010 Schultz 10.1109:TVCG.2010.199 1.png,,,,,
sci240.png,2010 Schultz 10.1109:TVCG.2010.199 3.png,,,,,
sci241.png,2010 Schultz 10.1109:TVCG.2010.199 4.png,,,,,
sci242.png,2010 Schultz 10.1109:TVCG.2010.199 5.png,,,,,
sci243.png,2010 Tateosian 10.1109:TVCG.2010.202 1.png,,,,,
sci245.png,2010 Weinkauf 10.1109:TVCG.2010.198.png,,,,,
sci246.png,2010 Zeng 10.1109:TVCG.2010.200 1.png,,,,,
sci247.png,2010 Zeng 10.1109:TVCG.2010.200 2.png,,,,,
sci248.png,2010 Zeng 10.1109:TVCG.2010.200 3.png,,,,,
sci249.png,2010 Zhang 10.1109:TVCG.2010.221 1.png,,,,,
sci250.png,2010 Zhang 10.1109:TVCG.2010.221 2.png,,,,,
sci251.png,2010 Zheng 10.1109:TVCG.2010.211.png,,,,,
sci252.png,2011 Amirkhanov 10.1109:TVCG.2011.228.png,,,,,
sci253.png,2011 Chen 10.1109:TVCG.2011.164 1.png,,,,,
sci255.png,2011 Chen 10.1109:TVCG.2011.164 3.png,,,,,
sci256.png,2011 Correa 10.1109:TVCG.2011.244 1.png,,,,,
sci257.png,2011 Correa 10.1109:TVCG.2011.244 2.png,,,,,
sci258.png,2011 Correa 10.1109:TVCG.2011.244 3.png,,,,,
sci259.png,2011 Correa 10.1109:TVCG.2011.245.png,,,,,
sci260.png,2011 Dick 10.1109:TVCG.2011.189 1.png,,,,,
sci261.png,2011 Dick 10.1109:TVCG.2011.189 2.png,,,,,
sci262.png,2011 Dick 10.1109:TVCG.2011.189 3.png,,,,,
sci263.png,2011 Dick 10.1109:TVCG.2011.189 4.png,,,,,
sci264.png,2011 Dick 10.1109:TVCG.2011.189 5.png,,,,,
sci265.png,2011 Dick 10.1109:TVCG.2011.189 6.png,,,,,
sci268.png,2011 Gasteiger 10.1109:TVCG.2011.243 3.png,,,,,
sci269.png,2011 Gasteiger 10.1109:TVCG.2011.243 4.png,,,,,
sci270.png,2011 Gasteiger 10.1109:TVCG.2011.243 5.png,,,,,
sci271.png,2011 Gasteiger 10.1109:TVCG.2011.243 6.png,,,,,
sci272.png,2011 Giusti 10.1109:TVCG.2011.168 1.png,,,,,
sci274.png,2011 Giusti 10.1109:TVCG.2011.168 3.png,,,,,
sci275.png,2011 Gu 10.1109:TVCG.2011.246 1.png,,,,,
sci276.png,2011 Gu 10.1109:TVCG.2011.246 2.png,,,,,
sci277.png,2011 Guo 10.1109:TVCG.2011.261 1.png,,,,,
sci278.png,2011 Guo 10.1109:TVCG.2011.261 2.png,,,,,
sci279.png,2011 Kasten 10.1109:TVCG.2011.249 1.png,,,,,
sci280.png,2011 Kasten 10.1109:TVCG.2011.249 2.png,,,,,
sci281.png,2011 Kasten 10.1109:TVCG.2011.249 3.png,,,,,
sci282.png,2011 Kasten 10.1109:TVCG.2011.249 4.png,,,,,
sci283.png,2011 Khlebnikov 10.1109:TVCG.2011.184 1.png,,,,,
sci284.png,2011 Khlebnikov 10.1109:TVCG.2011.184 2.png,,,,,
sci285.png,2011 Khlebnikov 10.1109:TVCG.2011.184 3.png,,,,,
sci286.png,2011 Koehler 10.1109:TVCG.2011.260 1.png,,,,,
sci287.png,2011 Koehler 10.1109:TVCG.2011.260 2.png,,,,,
sci288.png,2011 Koehler 10.1109:TVCG.2011.260 3.png,,,,,
sci290.png,2011 Koehler 10.1109:TVCG.2011.260 5.png,,,,,
sci291.png,2011 Lehmann 10.1109:TVCG.2011.200 1.png,,,,,
sci292.png,2011 Lehmann 10.1109:TVCG.2011.200 2.png,,,,,
sci293.png,2011 Lindow 10.1109:TVCG.2011.259 1.png,,,,,
sci295.png,2011 Lindow 10.1109:TVCG.2011.259 3.png,,,,,
sci296.png,2011 Lindow 10.1109:TVCG.2011.259 4.png,,,,,
sci297.png,2011 Lipsa 10.1109:TVCG.2011.204 1.png,,,,,
sci298.png,2011 Lipsa 10.1109:TVCG.2011.204 2.png,,,,,
sci299.png,2011 Lipsa 10.1109:TVCG.2011.204 3.png,,,,,
sci300.png,2011 Lipsa 10.1109:TVCG.2011.204 4.png,,,,,
sci301.png,2011 Marino 10.1109:TVCG.2011.182 1.png,,,,,
sci302.png,2011 Marino 10.1109:TVCG.2011.182 2.png,,,,,
sci304.png,2011 Mirzargar 10.1109:TVCG.2011.230 2.png,,,,,
sci305.png,2011 Mirzargar 10.1109:TVCG.2011.230 3.png,,,,,
sci306.png,2011 Mirzargar 10.1109:TVCG.2011.230 4.png,,,,,
sci307.png,2011 Moran 10.1109:TVCG.2011.252.png,,,,,
sci308.png,2011 Muigg 10.1109:TVCG.2011.216.png,,,,,
sci309.png,2011 Nelson 10.1109:TVCG.2011.206 .png,,,,,
sci310.png,2011 Nouanesengsy 10.1109:TVCG.2011.219 1.png,,,,,
sci311.png,2011 Nouanesengsy 10.1109:TVCG.2011.219 2.png,,,,,
sci313.png,2011 Nouanesengsy 10.1109:TVCG.2011.219 4.png,,,,,
sci314.png,2011 Palke 10.1109:TVCG.2011.170 1.png,,,,,
sci315.png,2011 Palke 10.1109:TVCG.2011.170 2.png,,,,,
sci316.png,2011 Palke 10.1109:TVCG.2011.170 3.png,,,,,
sci317.png,2011 Palke 10.1109:TVCG.2011.170 4.png,,,,,
sci318.png,2011 Palke 10.1109:TVCG.2011.170 5.png,,,,,
sci319.png,2011 Pelt 10.1109:TVCG.2011.215 1.png,,,,,
sci320.png,2011 Pelt 10.1109:TVCG.2011.215 2.png,,,,,
sci321.png,2011 Pelt 10.1109:TVCG.2011.215 3.png,,,,,
sci322.png,2011 Reininghaus 10.1109:TVCG.2011.159 1.png,,,,,
sci323.png,2011 Reininghaus 10.1109:TVCG.2011.159 2.png,,,,,
sci324.png,2011 Reininghaus 10.1109:TVCG.2011.159 3.png,,,,,
sci326.png,2011 Rieder 10.1109:TVCG.2011.207 1.png,,,,,
sci327.png,2011 Rieder 10.1109:TVCG.2011.207 2.png,,,,,
sci329.png,2011 Ruiz 10.1109:TVCG.2011.173 1.png,,,,,
sci331.png,2011 Schlegel 10.1109:TVCG.2011.198 1.png,,,,,
sci332.png,2011 Schlegel 10.1109:TVCG.2011.198 2.png,,,,,
sci335.png,2011 Schlegel 10.1109:TVCG.2011.198 5.png,,,,,
sci336.png,2011 Schlegel 10.1109:TVCG.2011.198 6.png,,,,,
sci337.png,2011 Schlegel 10.1109:TVCG.2011.198 7.png,,,,,
sci338.png,2011 Suter 10.1109:TVCG.2011.214 1.png,,,,,
sci339.png,2011 Suter 10.1109:TVCG.2011.214 2.png,,,,,
sci340.png,2011 Tricoche 10.1109:TVCG.2011.254 1.png,,,,,
sci341.png,2011 Tricoche 10.1109:TVCG.2011.254 2.png,,,,,
sci342.png,2011 Tricoche 10.1109:TVCG.2011.254 3.png,,,,,
sci343.png,2011 Tricoche 10.1109:TVCG.2011.254 4.png,,,,,
sci344.png,2011 Tricoche 10.1109:TVCG.2011.254 5.png,,,,,
sci345.png,2011 Williams 10.1109:TVCG.2011.162 1.png,,,,,
sci346.png,2011 Williams 10.1109:TVCG.2011.162 2.png,,,,,
sci347.png,2011 Williams 10.1109:TVCG.2011.162 4.png,,,,,
sci348.png,2011 Williams 10.1109:TVCG.2011.162 5.png,,,,,
sci349.png,2011 Zou 10.1109:TVCG.2011.171 1.png,,,,,
sci350.png,2011 Zou 10.1109:TVCG.2011.171 2.png,,,,,
sci351.png,2012 Barakat 10.1109:TVCG.2012.269 1.png,,,,,
sci352.png,2012 Barakat 10.1109:TVCG.2012.269 2.png,,,,,
sci353.png,2012 Barakat 10.1109:TVCG.2012.269 3.png,,,,,
sci354.png,2012 Barakat 10.1109:TVCG.2012.269 4.png,,,,,
sci355.png,2012 Barakat 10.1109:TVCG.2012.269 5.png,,,,,
sci356.png,2012 Barakat 10.1109:TVCG.2012.269 6.png,,,,,
sci357.png,2012 Bock 10.1109:TVCG.2012.206 1.png,,,,,
sci358.png,2012 Bock 10.1109:TVCG.2012.206 2.png,,,,,
sci360.png,2012 Bock 10.1109:TVCG.2012.206 4.png,,,,,
sci361.png,2012 Bock 10.1109:TVCG.2012.206 5.png,,,,,
sci362.png,2012 Bock 10.1109:TVCG.2012.206 6.png,,,,,
sci363.png,2012 Bock 10.1109:TVCG.2012.206 7.png,,,,,
sci364.png,2012 Bock 10.1109:TVCG.2012.206 8.png,,,,,
sci365.png,2012 Duke 10.1109:TVCG.2012.287 1.png,,,,,
sci366.png,2012 Duke 10.1109:TVCG.2012.287 2.png,,,,,
sci367.png,2012 Fout 10.1109:TVCG.2012.194 1.png,,,,,
sci368.png,2012 Fout 10.1109:TVCG.2012.194 2.png,,,,,
sci369.png,2012 Fout 10.1109:TVCG.2012.227 .png,,,,,
sci370.png,2012 Frey 10.1109:TVCG.2012.284 1.png,,,,,
sci371.png,2012 Frey 10.1109:TVCG.2012.284 2.png,,,,,
sci372.png,2012 Frey 10.1109:TVCG.2012.284 3.png,,,,,
sci373.png,2012 Gasteiger 10.1109:TVCG.2012.202 1.png,,,,,
sci374.png,2012 Gasteiger 10.1109:TVCG.2012.202 2.png,,,,,
sci375.png,2012 Gasteiger 10.1109:TVCG.2012.202 3.png,,,,,
sci376.png,2012 Gasteiger 10.1109:TVCG.2012.202 4.png,,,,,
sci377.png,2012 Gasteiger 10.1109:TVCG.2012.202 5.png,,,,,
sci378.png,2012 Grottel 10.1109:TVCG.2012.282 1.png,,,,,
sci379.png,2012 Grottel 10.1109:TVCG.2012.282 2.png,,,,,
sci381.png,2012 Grottel 10.1109:TVCG.2012.282 4.png,,,,,
sci382.png,2012 Grottel 10.1109:TVCG.2012.282 5.png,,,,,
sci384.png,2012 Gurijala 10.1109:TVCG.2012.210 1.png,,,,,
sci385.png,2012 Gurijala 10.1109:TVCG.2012.210 2.png,,,,,
sci386.png,2012 Gurijala 10.1109:TVCG.2012.210 3.png,,,,,
sci387.png,2012 Gurijala 10.1109:TVCG.2012.210 4.png,,,,,
sci392.png,2012 Gyulassy 10.1109:TVCG.2012.209 4.png,,,,,
sci393.png,2012 Gyulassy 10.1109:TVCG.2012.209 5.png,,,,,
sci396.png,2012 HoÃÂÃÂÃÂÃÂ llt 10.1109:TVCG.2012.259 3.png,,,,,
sci398.png,2012 HoÃÂÃÂÃÂÃÂ llt 10.1109:TVCG.2012.259 5.png,,,,,
sci400.png,2012 Ip 10.1109:TVCG.2012.231.png,,,,,
sci401.png,2012 JoÃÂÃÂÃÂÃÂ nsson 10.1109:TVCG.2012.232 1.png,,,,,
sci402.png,2012 JoÃÂÃÂÃÂÃÂ nsson 10.1109:TVCG.2012.232 2.png,,,,,
sci404.png,2012 KaÃÂÃÂÃÂÃÂ hler 10.1109:TVCG.2012.187 1.png,,,,,
sci406.png,2012 Kuehne 10.1109:TVCG.2012.186 1.png,,,,,
sci407.png,2012 Kuehne 10.1109:TVCG.2012.186 2.png,,,,,
sci408.png,2012 LaÃÂÃÂÃÂÃÂ theÃÂÃÂÃÂÃÂn 10.1109:TVCG.2012.203 1.png,,,,,
sci409.png,2012 LaÃÂÃÂÃÂÃÂ theÃÂÃÂÃÂÃÂn 10.1109:TVCG.2012.203 2.png,,,,,
sci410.png,2012 LaÃÂÃÂÃÂÃÂ theÃÂÃÂÃÂÃÂn 10.1109:TVCG.2012.203 3.png,,,,,
sci412.png,2012 Meyer 10.1109:TVCG.2012.278 1.png,,,,,
sci413.png,2012 Meyer 10.1109:TVCG.2012.278 2.png,,,,,
sci414.png,2012 Meyer 10.1109:TVCG.2012.278 3.png,,,,,
sci415.png,2012 Nelson 10.1109:TVCG.2012.218 1.png,,,,,
sci416.png,2012 Nelson 10.1109:TVCG.2012.218 2.png,,,,,
sci417.png,2012 Nelson 10.1109:TVCG.2012.218 3.png,,,,,
sci420.png,2012 Obermaier 10.1109:TVCG.2012.211 10.png,,,,,
sci421.png,2012 Obermaier 10.1109:TVCG.2012.211 11.png,,,,,
sci422.png,2012 Obermaier 10.1109:TVCG.2012.211 2.png,,,,,
sci423.png,2012 Obermaier 10.1109:TVCG.2012.211 3.png,,,,,
sci425.png,2012 Obermaier 10.1109:TVCG.2012.211 5.png,,,,,
sci426.png,2012 Obermaier 10.1109:TVCG.2012.211 6.png,,,,,
sci427.png,2012 Obermaier 10.1109:TVCG.2012.211 7.png,,,,,
sci428.png,2012 Obermaier 10.1109:TVCG.2012.211 8.png,,,,,
sci430.png,2012 Reich 10.1109:TVCG.2012.198 1.png,,,,,
sci431.png,2012 Reich 10.1109:TVCG.2012.198 2.png,,,,,
sci433.png,2012 Ribicic 10.1109:TVCG.2012.261 2.png,,,,,
sci434.png,2012 Ribicic 10.1109:TVCG.2012.261 3.png,,,,,
sci435.png,2012 Ribicic 10.1109:TVCG.2012.261 4.png,,,,,
sci437.png,2012 Schindler 10.1109:TVCG.2012.243 1.png,,,,,
sci438.png,2012 Schindler 10.1109:TVCG.2012.243 2.png,,,,,
sci439.png,2012 Schindler 10.1109:TVCG.2012.243 3.png,,,,,
sci441.png,2012 Schindler 10.1109:TVCG.2012.243 5.png,,,,,
sci442.png,2012 Schlegel 10.1109:TVCG.2012.249.png,,,,,
sci443.png,2012 SchroÃÂÃÂÃÂÃÂ der 10.1109:TVCG.2012.283 1.png,,,,,
sci445.png,2012 SolteÃÂÃÂÃÂÃÂszovaÃÂÃÂÃÂÃÂ 10.1109:TVCG.2012.188 1.png,,,,,
sci446.png,2012 SolteÃÂÃÂÃÂÃÂszovaÃÂÃÂÃÂÃÂ 10.1109:TVCG.2012.188 2.png,,,,,
sci448.png,2012 Tao 10.1109:TVCG.2012.267 2.png,,,,,
sci450.png,2012 Tao 10.1109:TVCG.2012.267 4.png,,,,,
sci451.png,2012 Treib 10.1109:TVCG.2012.274 1.png,,,,,
sci452.png,2012 Treib 10.1109:TVCG.2012.274 2.png,,,,,
sci453.png,2012 Treib 10.1109:TVCG.2012.274 3.png,,,,,
sci455.png,2012 Treib 10.1109:TVCG.2012.274 5.png,,,,,
sci456.png,2012 Treib 10.1109:TVCG.2012.274 6.png,,,,,
sci457.png,2012 Treib 10.1109:TVCG.2012.274 7.png,,,,,
sci458.png,2012 Treib 10.1109:TVCG.2012.274 8.png,,,,,
sci460.png,2012 Ushizima 10.1109:TVCG.2012.200 1.png,,,,,
sci461.png,2012 Ushizima 10.1109:TVCG.2012.200 2.png,,,,,
sci463.png,2012 Ushizima 10.1109:TVCG.2012.200 4.png,,,,,
sci464.png,2012 Ushizima 10.1109:TVCG.2012.200 5.png,,,,,
sci465.png,2012 Ushizima 10.1109:TVCG.2012.200 6.png,,,,,
sci467.png,2012 Ushizima 10.1109:TVCG.2012.200 8.png,,,,,
sci468.png,2012 Ushizima 10.1109:TVCG.2012.200 9.png,,,,,
sci469.png,2012 Westerteiger 10.1109:TVCG.2012.239 1.png,,,,,
sci470.png,2012 Westerteiger 10.1109:TVCG.2012.239 2.png,,,,,
sci471.png,2012 Westerteiger 10.1109:TVCG.2012.239 3.png,,,,,
sci472.png,2012 Wiebel 10.1109:TVCG.2012.292 1.png,,,,,
sci473.png,2012 Wiebel 10.1109:TVCG.2012.292 2.png,,,,,
sci474.png,2012 Wiebel 10.1109:TVCG.2012.292 3.png,,,,,
sci476.png,2012 Yu 10.1109:TVCG.2012.217 2.png,,,,,
sci477.png,2012 Yu 10.1109:TVCG.2012.217 3.png,,,,,
sci478.png,2012 Yu 10.1109:TVCG.2012.217 4.png,,,,,
sci479.png,2013 Athawale 10.1109:TVCG.2013.208 12.png,,,,,
sci480.png,2013 Athawale 10.1109:TVCG.2013.208 14.png,,,,,
sci481.png,2013 Athawale 10.1109:TVCG.2013.208 8.png,,,,,
sci482.png,2013 Athawale 10.1109:TVCG.2013.208 9.png,,,,,
sci484.png,2013 Auzinger 10.1109:TVCG.2013.215 2.png,,,,,
sci485.png,2013 Auzinger 10.1109:TVCG.2013.215 3.png,,,,,
sci486.png,2013 Auzinger 10.1109:TVCG.2013.215 5.png,,,,,
sci487.png,2013 Auzinger 10.1109:TVCG.2013.215 6.png,,,,,
sci488.png,2013 Auzinger 10.1109:TVCG.2013.215 8.png,,,,,
sci489.png,2013 Auzinger 10.1109:TVCG.2013.215 9.png,,,,,
sci490.png,2013 Barakat 10.1109:TVCG.2013.128 1.png,,,,,
sci491.png,2013 Barakat 10.1109:TVCG.2013.128 10.png,,,,,
sci492.png,2013 Barakat 10.1109:TVCG.2013.128 14.png,,,,,
sci493.png,2013 Barakat 10.1109:TVCG.2013.128 2.png,,,,,
sci494.png,2013 Barakat 10.1109:TVCG.2013.128 3.png,,,,,
sci495.png,2013 Barakat 10.1109:TVCG.2013.128 4.png,,,,,
sci496.png,2013 Barakat 10.1109:TVCG.2013.128 5.png,,,,,
sci497.png,2013 Barakat 10.1109:TVCG.2013.128 6.png,,,,,
sci498.png,2013 Barakat 10.1109:TVCG.2013.128 7.png,,,,,
sci500.png,2013 Coffey 10.1109:TVCG.2013.147 7.png,,,,,
sci502.png,2013 Ehlke 10.1109:TVCG.2013.159 1.png,,,,,
sci503.png,2013 Ehlke 10.1109:TVCG.2013.159 6.png,,,,,
sci504.png,2013 Gosink 10.1109:TVCG.2013.138 10.png,,,,,
sci506.png,2013 Gosink 10.1109:TVCG.2013.138 5.png,,,,,
sci507.png,2013 Guo 10.1109:TVCG.2013.144 3.png,,,,,
sci508.png,2013 Guo 10.1109:TVCG.2013.144 7.png,,,,,
sci509.png,2013 Guo 10.1109:TVCG.2013.144 8.png,,,,,
sci510.png,2013 Guo 10.1109:TVCG.2013.144 9.png,,,,,
sci511.png,2013 Gurijala 10.1109:TVCG.2013.139 2.png,,,,,
sci512.png,2013 Gurijala 10.1109:TVCG.2013.139 3.png,,,,,
sci513.png,2013 Gurijala 10.1109:TVCG.2013.139 4.png,,,,,
sci514.png,2013 Hsu 10.1109:TVCG.2013.123 10.png,,,,,
sci515.png,2013 Hsu 10.1109:TVCG.2013.123 2.png,,,,,
sci516.png,2013 Hsu 10.1109:TVCG.2013.123 4.png,,,,,
sci517.png,2013 Hsu 10.1109:TVCG.2013.123 5.png,,,,,
sci518.png,2013 Hsu 10.1109:TVCG.2013.123 6.png,,,,,
sci519.png,2013 Hsu 10.1109:TVCG.2013.123 8.png,,,,,
sci520.png,2013 Hummel 10.1109:TVCG.2013.141 7.png,,,,,
sci521.png,2013 Hummel 10.1109:TVCG.2013.141 8.png,,,,,
sci522.png,2013 Hummel 10.1109:TVCG.2013.141 9.png,,,,,
sci523.png,2013 Jackson 10.1109:TVCG.2013.121 1.png,,,,,
sci524.png,2013 Jackson 10.1109:TVCG.2013.121 3.png,,,,,
sci526.png,2013 Khlebnikov 10.1109:TVCG.2013.180 10.png,,,,,
sci527.png,2013 Khlebnikov 10.1109:TVCG.2013.180 3.png,,,,,
sci528.png,2013 Khlebnikov 10.1109:TVCG.2013.180 8.png,,,,,
sci530.png,2013 KoÃÂÃÂÃÂÃÂ hler 10.1109:TVCG.2013.189 1.png,,,,,
sci531.png,2013 KoÃÂÃÂÃÂÃÂ hler 10.1109:TVCG.2013.189 5.png,,,,,
sci533.png,2013 KoÃÂÃÂÃÂÃÂ hler 10.1109:TVCG.2013.189 7.png,,,,,
sci534.png,2013 Kretschmer 10.1109:TVCG.2013.169 1.png,,,,,
sci535.png,2013 Kretschmer 10.1109:TVCG.2013.169 10.png,,,,,
sci536.png,2013 Kretschmer 10.1109:TVCG.2013.169 11.png,,,,,
sci537.png,2013 Kretschmer 10.1109:TVCG.2013.169 12.png,,,,,
sci539.png,2013 Kretschmer 10.1109:TVCG.2013.169 3.png,,,,,
sci540.png,2013 Kretschmer 10.1109:TVCG.2013.169 4.png,,,,,
sci541.png,2013 Kretschmer 10.1109:TVCG.2013.169 5.png,,,,,
sci542.png,2013 Kretschmer 10.1109:TVCG.2013.169 6.png,,,,,
sci545.png,2013 Kretschmer 10.1109:TVCG.2013.169 9.png,,,,,
sci546.png,2013 Lee 10.1109:TVCG.2013.152 8.png,,,,,
sci547.png,2013 Parulek 10.1109:TVCG.2013.158 1.png,,,,,
sci548.png,2013 Parulek 10.1109:TVCG.2013.158 2.png,,,,,
sci549.png,2013 Parulek 10.1109:TVCG.2013.158 3.png,,,,,
sci550.png,2013 Parulek 10.1109:TVCG.2013.158 4.png,,,,,
sci553.png,2013 Szymczak 10.1109:TVCG.2013.229 9.png,,,,,
sci554.png,2013 Thomas 10.1109:TVCG.2013.148 1.png,,,,,
sci555.png,2013 Thomas 10.1109:TVCG.2013.148 2.png,,,,,
sci556.png,2013 Thomas 10.1109:TVCG.2013.148 3.png,,,,,
sci560.png,2013 Whitaker 10.1109:TVCG.2013.143 1.png,,,,,
sci561.png,2013 Whitaker 10.1109:TVCG.2013.143 5.png,,,,,
sci562.png,2013 Whitaker 10.1109:TVCG.2013.143 8.png,,,,,
sci563.png,2013 Zhang 10.1109:TVCG.2013.172 1.png,,,,,
sci564.png,2013 Zhang 10.1109:TVCG.2013.172 10.png,,,,,
sci565.png,2013 Zhang 10.1109:TVCG.2013.172 11.png,,,,,
sci566.png,2013 Zhang 10.1109:TVCG.2013.172 12.png,,,,,
sci567.png,2013 Zhang 10.1109:TVCG.2013.172 15.png,,,,,
sci568.png,2013 Zhang 10.1109:TVCG.2013.172 2.png,,,,,
sci569.png,2013 Zhang 10.1109:TVCG.2013.172 3.png,,,,,
sci571.png,2013 Zhang 10.1109:TVCG.2013.172 7.png,,,,,
sci572.png,2013 Zhang 10.1109:TVCG.2013.172 8.png,,,,,
sci573.png,2013 Zhao 10.1109:TVCG.2013.135 1.png,,,,,
sci574.png,2013 Zhao 10.1109:TVCG.2013.135 2.png,,,,,
sci575.png,2013 Zhao 10.1109:TVCG.2013.135 3.png,,,,,
sci576.png,2013 Zhao 10.1109:TVCG.2013.135 5.png,,,,,
sci577.png,2013 Zhao 10.1109:TVCG.2013.135 8.png,,,,,
sci579.png,2014 Ament 10.1109:TVCG.2014.2346333 1.png,,,,,
sci580.png,2014 Ament 10.1109:TVCG.2014.2346333 6.png,,,,,
sci581.png,2014 Ament 10.1109:TVCG.2014.2346333 7.png,,,,,
sci585.png,2014 Berge 10.1109:TVCG.2014.2346317 2.png,,,,,
sci586.png,2014 Berge 10.1109:TVCG.2014.2346317 6.png,,,,,
sci588.png,2014 Berge 10.1109:TVCG.2014.2346317 8.png,,,,,
sci590.png,2014 Bista 10.1109:TVCG.2014.2346411 1.png,,,,,
sci591.png,2014 Bista 10.1109:TVCG.2014.2346411 2.png,,,,,
sci592.png,2014 Born 10.1109:TVCG.2014.2346459 1.png,,,,,
sci594.png,2014 Born 10.1109:TVCG.2014.2346459 6.png,,,,,
sci595.png,2014 Born 10.1109:TVCG.2014.2346459 7.png,,,,,
sci596.png,2014 Born 10.1109:TVCG.2014.2346459 8.png,,,,,
sci597.png,2014 Born 10.1109:TVCG.2014.2346459 9.png,,,,,
sci598.png,2014 Choi 10.1109:TVCG.2014.2346322 1.png,,,,,
sci600.png,2014 Frey 10.1109:TVCG.2014.2346319 8.png,,,,,
sci603.png,2014 Guo 10.1109:TVCG.2014.2346418 11.png,,,,,
sci604.png,2014 Guo 10.1109:TVCG.2014.2346418 3.png,,,,,
sci605.png,2014 Guo 10.1109:TVCG.2014.2346418 6.png,,,,,
sci606.png,2014 GuÃÂÃÂÃÂÃÂ nther 10.1109:TVCG.2014.2346403 1.png,,,,,
sci607.png,2014 GuÃÂÃÂÃÂÃÂ nther 10.1109:TVCG.2014.2346403 11.png,,,,,
sci608.png,2014 GuÃÂÃÂÃÂÃÂ nther 10.1109:TVCG.2014.2346403 12.png,,,,,
sci609.png,2014 GuÃÂÃÂÃÂÃÂ nther 10.1109:TVCG.2014.2346403 2.png,,,,,
sci611.png,2014 GuÃÂÃÂÃÂÃÂ nther 10.1109:TVCG.2014.2346403 4.png,,,,,
sci612.png,2014 GuÃÂÃÂÃÂÃÂ nther 10.1109:TVCG.2014.2346403 5.png,,,,,
sci614.png,2014 GuÃÂÃÂÃÂÃÂ nther 10.1109:TVCG.2014.2346403 8.png,,,,,
sci615.png,2014 GuÃÂÃÂÃÂÃÂ nther 10.1109:TVCG.2014.2346415 1.png,,,,,
sci616.png,2014 GuÃÂÃÂÃÂÃÂ nther 10.1109:TVCG.2014.2346415 13.png,,,,,
sci621.png,2014 GuÃÂÃÂÃÂÃÂ nther 10.1109:TVCG.2014.2346415 18.png,,,,,
sci622.png,2014 GuÃÂÃÂÃÂÃÂ nther 10.1109:TVCG.2014.2346415 19.png,,,,,
sci623.png,2014 GuÃÂÃÂÃÂÃÂ nther 10.1109:TVCG.2014.2346415 2.png,,,,,
sci624.png,2014 GuÃÂÃÂÃÂÃÂ nther 10.1109:TVCG.2014.2346415 20.png,,,,,
sci626.png,2014 GuÃÂÃÂÃÂÃÂ nther 10.1109:TVCG.2014.2346415 4.png,,,,,
sci627.png,2014 GuÃÂÃÂÃÂÃÂ nther 10.1109:TVCG.2014.2346415 5.png,,,,,
sci628.png,2014 GuÃÂÃÂÃÂÃÂ nther 10.1109:TVCG.2014.2346415 6.png,,,,,
sci629.png,2014 GuÃÂÃÂÃÂÃÂ nther 10.1109:TVCG.2014.2346432 11.png,,,,,
sci630.png,2014 GuÃÂÃÂÃÂÃÂ nther 10.1109:TVCG.2014.2346432 12.png,,,,,
sci631.png,2014 GuÃÂÃÂÃÂÃÂ nther 10.1109:TVCG.2014.2346432 13.png,,,,,
sci632.png,2014 GuÃÂÃÂÃÂÃÂ nther 10.1109:TVCG.2014.2346432 2.png,,,,,
sci633.png,2014 GuÃÂÃÂÃÂÃÂ nther 10.1109:TVCG.2014.2346432 3.png,,,,,
sci634.png,2014 GuÃÂÃÂÃÂÃÂ nther 10.1109:TVCG.2014.2346432 4.png,,,,,
sci635.png,2014 GuÃÂÃÂÃÂÃÂ nther 10.1109:TVCG.2014.2346432 5.png,,,,,
sci636.png,2014 GuÃÂÃÂÃÂÃÂ nther 10.1109:TVCG.2014.2346432 6.png,,,,,
sci637.png,2014 GuÃÂÃÂÃÂÃÂ nther 10.1109:TVCG.2014.2346432 7.png,,,,,
sci639.png,2014 Gyulassy 10.1109:TVCG.2014.2346434 1.png,,,,,
sci641.png,2014 Gyulassy 10.1109:TVCG.2014.2346434 3.png,,,,,
sci642.png,2014 Gyulassy 10.1109:TVCG.2014.2346434 4.png,,,,,
sci643.png,2014 Gyulassy 10.1109:TVCG.2014.2346434 6.png,,,,,
sci644.png,2014 Haehn 10.1109:TVCG.2014.2346371 10.png,,,,,
sci645.png,2014 Haehn 10.1109:TVCG.2014.2346371 11.png,,,,,
sci646.png,2014 Hong 10.1109:TVCG.2014.2346416 1.png,,,,,
sci648.png,2014 Hu 10.1109:TVCG.2014.2346457 1.png,,,,,
sci649.png,2014 Hu 10.1109:TVCG.2014.2346457 10.png,,,,,
sci650.png,2014 Hu 10.1109:TVCG.2014.2346457 11.png,,,,,
sci652.png,2014 Hu 10.1109:TVCG.2014.2346457 2.png,,,,,
sci653.png,2014 Hu 10.1109:TVCG.2014.2346457 7.png,,,,,
sci654.png,2014 Hu 10.1109:TVCG.2014.2346457 8.png,,,,,
sci656.png,2014 Ju 10.1109:TVCG.2014.2346412 1.png,,,,,
sci658.png,2014 Ju 10.1109:TVCG.2014.2346412 3.png,,,,,
sci659.png,2014 Ju 10.1109:TVCG.2014.2346412 4.png,,,,,
sci660.png,2014 Kretschmer 10.1109:TVCG.2014.2346405 1.png,,,,,
sci661.png,2014 Kretschmer 10.1109:TVCG.2014.2346405 2.png,,,,,
sci662.png,2014 Kretschmer 10.1109:TVCG.2014.2346405 3.png,,,,,
sci663.png,2014 Kretschmer 10.1109:TVCG.2014.2346405 4.png,,,,,
sci664.png,2014 Kretschmer 10.1109:TVCG.2014.2346405 5.png,,,,,
sci666.png,2014 Lindholm 10.1109:TVCG.2014.2346351 10.png,,,,,
sci667.png,2014 Lindholm 10.1109:TVCG.2014.2346351 2.png,,,,,
sci668.png,2014 Lindow 10.1109:TVCG.2014.2346404 1.png,,,,,
sci669.png,2014 Lindow 10.1109:TVCG.2014.2346404 2.png,,,,,
sci670.png,2014 Lindow 10.1109:TVCG.2014.2346404 5.png,,,,,
sci671.png,2014 Lindow 10.1109:TVCG.2014.2346404 7.png,,,,,
sci672.png,2014 Lindow 10.1109:TVCG.2014.2346404 9.png,,,,,
sci673.png,2014 Lindstrom 10.1109:TVCG.2014.2346458 1.png,,,,,
sci674.png,2014 Machado 10.1109:TVCG.2014.2346442 1.png,,,,,
sci676.png,2014 Machado 10.1109:TVCG.2014.2346442 11.png,,,,,
sci677.png,2014 Machado 10.1109:TVCG.2014.2346442 2.png,,,,,
sci679.png,2014 Machado 10.1109:TVCG.2014.2346442 4.png,,,,,
sci680.png,2014 Machado 10.1109:TVCG.2014.2346442 6.png,,,,,
sci681.png,2014 Machado 10.1109:TVCG.2014.2346442 9.png,,,,,
sci682.png,2014 Mirzargar 10.1109:TVCG.2014.2346455 14.png,,,,,
sci683.png,2014 Mirzargar 10.1109:TVCG.2014.2346455 15.png,,,,,
sci687.png,2014 Sauer 10.1109:TVCG.2014.2346423 6.png,,,,,
sci688.png,2014 Sauer 10.1109:TVCG.2014.2346423 7.png,,,,,
sci689.png,2014 Schroeder 10.1109:TVCG.2014.2346451 11.png,,,,,
sci690.png,2014 Sicat 10.1109:TVCG.2014.2346324 4.png,,,,,
sci691.png,2014 Sicat 10.1109:TVCG.2014.2346324 7.png,,,,,
sci692.png,2014 Sicat 10.1109:TVCG.2014.2346324 8.png,,,,,
sci694.png,2014 Thomas 10.1109:TVCG.2014.2346332 2.png,,,,,
sci697.png,2014 Wijk 10.1109:TVCG.2014.2352952 1.png,,,,,
sci698.png,2014 Wijk 10.1109:TVCG.2014.2352952 2.png,,,,,
sci699.png,2014 Wijk 10.1109:TVCG.2014.2352952 3.png,,,,,
sci700.png,2014 Wijk 10.1109:TVCG.2014.2352952 4.png,,,,,
sci701.png,2014 Wijk 10.1109:TVCG.2014.2352952 5.png,,,,,
sci702.png,2014 Wijk 10.1109:TVCG.2014.2352952 6.png,,,,,
sci703.png,2015 Abbasloo 10.1109:TVCG.2015.2467031 1.png,,,,,
sci706.png,2015 Ament 10.1109:TVCG.2015.2467963 7.png,,,,,
sci707.png,2015 Ament 10.1109:TVCG.2015.2467963 8.png,,,,,
sci708.png,2015 Ament 10.1109:TVCG.2015.2467963 9.png,,,,,
sci709.png,2015 Athawale 10.1109:TVCG.2015.2467958 1.png,,,,,
sci710.png,2015 Athawale 10.1109:TVCG.2015.2467958 2.png,,,,,
sci712.png,2015 Athawale 10.1109:TVCG.2015.2467958 4.png,,,,,
sci713.png,2015 Athawale 10.1109:TVCG.2015.2467958 5.png,,,,,
sci714.png,2015 Bock 10.1109:SciVis.2015.7429487 1.png,,,,,
sci715.png,2015 Bock 10.1109:SciVis.2015.7429487 12.png,,,,,
sci716.png,2015 Bock 10.1109:SciVis.2015.7429487 13.png,,,,,
sci718.png,2015 Bock 10.1109:SciVis.2015.7429487 5.png,,,,,
sci719.png,2015 Bock 10.1109:SciVis.2015.7429487 6.png,,,,,
sci720.png,2015 Bock 10.1109:SciVis.2015.7429487 7.png,,,,,
sci721.png,2015 Bock 10.1109:SciVis.2015.7429487 8.png,,,,,
sci722.png,2015 Butkiewicz 10.1109:TVCG.2015.2467962 1.png,,,,,
sci724.png,2015 Butkiewicz 10.1109:TVCG.2015.2467962 11.png,,,,,
sci725.png,2015 Butkiewicz 10.1109:TVCG.2015.2467962 12.png,,,,,
sci726.png,2015 Butkiewicz 10.1109:TVCG.2015.2467962 14.png,,,,,
sci727.png,2015 Butkiewicz 10.1109:TVCG.2015.2467962 15.png,,,,,
sci728.png,2015 Butkiewicz 10.1109:TVCG.2015.2467962 2.png,,,,,
sci729.png,2015 Butkiewicz 10.1109:TVCG.2015.2467962 3.png,,,,,
sci730.png,2015 Butkiewicz 10.1109:TVCG.2015.2467962 8.png,,,,,
sci731.png,2015 Butkiewicz 10.1109:TVCG.2015.2467962 9.png,,,,,
sci733.png,2015 Chen 10.1109:TVCG.2015.2467952 1.png,,,,,
sci734.png,2015 Chen 10.1109:TVCG.2015.2467952 11.png,,,,,
sci738.png,2015 Chen 10.1109:TVCG.2015.2467952 6.png,,,,,
sci739.png,2015 Ferstl 10.1109:TVCG.2015.2467204 1.png,,,,,
sci740.png,2015 Ferstl 10.1109:TVCG.2015.2467204 13.png,,,,,
sci741.png,2015 Ferstl 10.1109:TVCG.2015.2467204 14.png,,,,,
sci742.png,2015 Ferstl 10.1109:TVCG.2015.2467204 15.png,,,,,
sci744.png,2015 Ferstl 10.1109:TVCG.2015.2467204 17.png,,,,,
sci745.png,2015 Ferstl 10.1109:TVCG.2015.2467204 2.png,,,,,
sci746.png,2015 Ferstl 10.1109:TVCG.2015.2467204 3.png,,,,,
sci747.png,2015 Ferstl 10.1109:TVCG.2015.2467204 5.png,,,,,
sci751.png,2015 Gu 10.1109:TVCG.2015.2468031 4.png,,,,,
sci752.png,2015 Gu 10.1109:TVCG.2015.2468031 5.png,,,,,
sci757.png,2015 GuÃÂÃÂÃÂÃÂ nther 10.1109:TVCG.2015.2467200 11.png,,,,,
sci758.png,2015 GuÃÂÃÂÃÂÃÂ nther 10.1109:TVCG.2015.2467200 12.png,,,,,
sci759.png,2015 GuÃÂÃÂÃÂÃÂ nther 10.1109:TVCG.2015.2467200 13.png,,,,,
sci761.png,2015 GuÃÂÃÂÃÂÃÂ nther 10.1109:TVCG.2015.2467200 3.png,,,,,
sci762.png,2015 GuÃÂÃÂÃÂÃÂ nther 10.1109:TVCG.2015.2467200 4.png,,,,,
sci763.png,2015 GuÃÂÃÂÃÂÃÂ nther 10.1109:TVCG.2015.2467200 7.png,,,,,
sci764.png,2015 GuÃÂÃÂÃÂÃÂ nther 10.1109:TVCG.2015.2467200 8.png,,,,,
sci765.png,2015 GuÃÂÃÂÃÂÃÂ nther 10.1109:TVCG.2015.2467200 9.png,,,,,
sci766.png,2015 Gyulassy 10.1109:TVCG.2015.2467432 11.png,,,,,
sci767.png,2015 Gyulassy 10.1109:TVCG.2015.2467432 12.png,,,,,
sci768.png,2015 Gyulassy 10.1109:TVCG.2015.2467432 13.png,,,,,
sci769.png,2015 Gyulassy 10.1109:TVCG.2015.2467432 14.png,,,,,
sci771.png,2015 Gyulassy 10.1109:TVCG.2015.2467432 16.png,,,,,
sci772.png,2015 Gyulassy 10.1109:TVCG.2015.2467432 2.png,,,,,
sci774.png,2015 Gyulassy 10.1109:TVCG.2015.2467432 6.png,,,,,
sci775.png,2015 Gyulassy 10.1109:TVCG.2015.2467432 7.png,,,,,
sci776.png,2015 Hao 10.1109:TVCG.2015.2468093 1.png,,,,,
sci777.png,2015 Hao 10.1109:TVCG.2015.2468093 4.png,,,,,
sci778.png,2015 Hermann 10.1109:TVCG.2015.2467198 1.png,,,,,
sci779.png,2015 Hermann 10.1109:TVCG.2015.2467198 2.png,,,,,
sci780.png,2015 Hermann 10.1109:TVCG.2015.2467198 3.png,,,,,
sci781.png,2015 Hermann 10.1109:TVCG.2015.2467198 4.png,,,,,
sci782.png,2015 Kappe 10.1109:TVCG.2015.2467291 11.png,,,,,
sci783.png,2015 Kappe 10.1109:TVCG.2015.2467291 13.png,,,,,
sci784.png,2015 Kappe 10.1109:TVCG.2015.2467291 2.png,,,,,
sci785.png,2015 Kappe 10.1109:TVCG.2015.2467291 3.png,,,,,
sci786.png,2015 Kappe 10.1109:TVCG.2015.2467291 4.png,,,,,
sci787.png,2015 Kappe 10.1109:TVCG.2015.2467291 5.png,,,,,
sci788.png,2015 Kappe 10.1109:TVCG.2015.2467291 7.png,,,,,
sci789.png,2015 Kappe 10.1109:TVCG.2015.2467291 9.png,,,,,
sci790.png,2015 Kindlmann 10.1109:TVCG.2015.2467449 3.png,,,,,
sci791.png,2015 Kindlmann 10.1109:TVCG.2015.2467449 4.png,,,,,
sci793.png,2015 Kindlmann 10.1109:TVCG.2015.2467449 6.png,,,,,
sci794.png,2015 Kindlmann 10.1109:TVCG.2015.2467449 7.png,,,,,
sci795.png,2015 Kindlmann 10.1109:TVCG.2015.2467449 8.png,,,,,
sci797.png,2015 Kurzhals 10.1109:TVCG.2015.2468091 12.png,,,,,
sci798.png,2015 Lawonn 10.1109:TVCG.2015.2467961 1.png,,,,,
sci802.png,2015 Lawonn 10.1109:TVCG.2015.2467961 16.png,,,,,
sci803.png,2015 Lawonn 10.1109:TVCG.2015.2467961 17.png,,,,,
sci804.png,2015 Lawonn 10.1109:TVCG.2015.2467961 18.png,,,,,
sci805.png,2015 Lawonn 10.1109:TVCG.2015.2467961 19.png,,,,,
sci806.png,2015 Lawonn 10.1109:TVCG.2015.2467961 2.png,,,,,
sci808.png,2015 Lawonn 10.1109:TVCG.2015.2467961 4.png,,,,,
sci810.png,2015 Lawonn 10.1109:TVCG.2015.2467961 9.png,,,,,
sci813.png,2015 Marino 10.1109:TVCG.2015.2467413 2.png,,,,,
sci815.png,2015 Marino 10.1109:TVCG.2015.2467413 4.png,,,,,
sci816.png,2015 Marino 10.1109:TVCG.2015.2467413 5.png,,,,,
sci817.png,2015 Marino 10.1109:TVCG.2015.2467413 6.png,,,,,
sci820.png,2015 Marino 10.1109:TVCG.2015.2467413 9.png,,,,,
sci821.png,2015 Matvienko 10.1109:SciVis.2015.7429490 1.png,,,,,
sci822.png,2015 Matvienko 10.1109:SciVis.2015.7429490 2.png,,,,,
sci823.png,2015 Oeltze-Jafra 10.1109:TVCG.2015.2467203 1.png,,,,,
sci824.png,2015 Oeltze-Jafra 10.1109:TVCG.2015.2467203 10.png,,,,,
sci825.png,2015 Oeltze-Jafra 10.1109:TVCG.2015.2467203 11.png,,,,,
sci826.png,2015 Oeltze-Jafra 10.1109:TVCG.2015.2467203 12.png,,,,,
sci827.png,2015 Oeltze-Jafra 10.1109:TVCG.2015.2467203 13.png,,,,,
sci828.png,2015 Oeltze-Jafra 10.1109:TVCG.2015.2467203 14.png,,,,,
sci829.png,2015 Oeltze-Jafra 10.1109:TVCG.2015.2467203 2.png,,,,,
sci830.png,2015 Oeltze-Jafra 10.1109:TVCG.2015.2467203 4.png,,,,,
sci832.png,2015 Poco 10.1109:SciVis.2015.7429486 1.png,,,,,
sci834.png,2015 Schroeder 10.1109:TVCG.2015.2467153 10.png,,,,,
sci835.png,2015 Schroeder 10.1109:TVCG.2015.2467153 11.png,,,,,
sci838.png,2015 Schroeder 10.1109:TVCG.2015.2467153 7.png,,,,,
sci839.png,2015 Schroeder 10.1109:TVCG.2015.2467153 8.png,,,,,
sci840.png,2015 Schroeder 10.1109:TVCG.2015.2467153 9.png,,,,,
sci841.png,2015 Skanberg 10.1109:TVCG.2015.2467293 10.png,,,,,
sci842.png,2015 Skanberg 10.1109:TVCG.2015.2467293 12.png,,,,,
sci844.png,2015 Skanberg 10.1109:TVCG.2015.2467293 8.png,,,,,
sci846.png,2015 Wald 10.1109:SciVis.2015.7429492 2.png,,,,,
sci847.png,2015 Wald 10.1109:SciVis.2015.7429492 3.png,,,,,
sci849.png,2015 Wald 10.1109:SciVis.2015.7429492 5.png,,,,,
sci851.png,2015 Wald 10.1109:SciVis.2015.7429492 8.png,,,,,
sci854.png,2015 Wang 10.1109:TVCG.2015.2467292 17.png,,,,,
sci855.png,2015 Wang 10.1109:TVCG.2015.2467292 19.png,,,,,
sci856.png,2015 Wang 10.1109:TVCG.2015.2467292 20.png,,,,,
sci857.png,2015 Wang 10.1109:TVCG.2015.2467292 21.png,,,,,
sci858.png,2015 Wang 10.1109:TVCG.2015.2467292 22.png,,,,,
sci860.png,2015 Wang 10.1109:TVCG.2015.2467292 7.png,,,,,
sci861.png,2015 Wang 10.1109:TVCG.2015.2467292 8.png,,,,,
sci863.png,2015 Weiss 10.1109:TVCG.2015.2467412 11.png,,,,,
sci864.png,2015 Weiss 10.1109:TVCG.2015.2467412 4.png,,,,,
sci866.png,2015 Weiss 10.1109:TVCG.2015.2467412 7.png,,,,,
sci868.png,2015 Woodring 10.1109:TVCG.2015.2467411 2.png,,,,,
sci869.png,2015 Yu 10.1109:TVCG.2015.2467202 1.png,,,,,
sci870.png,2015 Yu 10.1109:TVCG.2015.2467202 2.png,,,,,
sci871.png,2015 Yu 10.1109:TVCG.2015.2467202 3.png,,,,,
sci872.png,2015 Zhang 10.1109:TVCG.2015.2467435 1.png,,,,,
sci874.png,2016 BesancÃÂÃÂÃÂÃÂon 10.1109:TVCG.2016.2599217 1.png,,,,,
sci875.png,2016 BesancÃÂÃÂÃÂÃÂon 10.1109:TVCG.2016.2599217 2.png,,,,,
sci876.png,2016 Biswas 10.1109:TVCG.2016.2598869 1.png,,,,,
sci877.png,2016 Dutta 10.1109:TVCG.2016.2598604 1.png,,,,,
sci878.png,2016 Dutta 10.1109:TVCG.2016.2598604 8.png,,,,,
sci880.png,2016 Ferstl 10.1109:TVCG.2016.2598868 11.png,,,,,
sci881.png,2016 Ferstl 10.1109:TVCG.2016.2598868 12.png,,,,,
sci882.png,2016 Ferstl 10.1109:TVCG.2016.2598868 2.png,,,,,
sci886.png,2016 Frey 10.1109:TVCG.2016.2599042 5.png,,,,,
sci888.png,2016 Frey 10.1109:TVCG.2016.2599042 8.png,,,,,
sci889.png,2016 Gerrits 10.1109:TVCG.2016.2598998 10.png,,,,,
sci891.png,2016 Gerrits 10.1109:TVCG.2016.2598998 9.png,,,,,
sci892.png,2016 GuÃÂÃÂÃÂÃÂ nther 10.1109:TVCG.2016.2599016 14.png,,,,,
sci893.png,2016 GuÃÂÃÂÃÂÃÂ nther 10.1109:TVCG.2016.2599016 15.png,,,,,
sci898.png,2016 GuÃÂÃÂÃÂÃÂ nther 10.1109:TVCG.2016.2599016 2.png,,,,,
sci897.png,2016 GuÃÂÃÂÃÂÃÂ nther 10.1109:TVCG.2016.2599016 19.png,,,,,
sci899.png,2016 GuÃÂÃÂÃÂÃÂ nther 10.1109:TVCG.2016.2599016 20.png,,,,,
sci901.png,2016 GuÃÂÃÂÃÂÃÂ nther 10.1109:TVCG.2016.2599016 22.png,,,,,
sci902.png,2016 GuÃÂÃÂÃÂÃÂ nther 10.1109:TVCG.2016.2599016 3.png,,,,,
sci903.png,2016 GuÃÂÃÂÃÂÃÂ nther 10.1109:TVCG.2016.2599016 6.png,,,,,
sci904.png,2016 GuÃÂÃÂÃÂÃÂ nther 10.1109:TVCG.2016.2599016 9.png,,,,,
sci905.png,2016 Hermosilla 10.1109:TVCG.2016.2598825 1.png,,,,,
sci906.png,2016 Hermosilla 10.1109:TVCG.2016.2598825 10.png,,,,,
sci907.png,2016 Hermosilla 10.1109:TVCG.2016.2598825 11.png,,,,,
sci909.png,2016 Hermosilla 10.1109:TVCG.2016.2598825 13.png,,,,,
sci910.png,2016 Hermosilla 10.1109:TVCG.2016.2598825 14.png,,,,,
sci912.png,2016 Hermosilla 10.1109:TVCG.2016.2598825 9.png,,,,,
sci913.png,2016 Hu 10.1109:TVCG.2016.2598790 10.png,,,,,
sci914.png,2016 Hu 10.1109:TVCG.2016.2598790 12.png,,,,,
sci915.png,2016 Hu 10.1109:TVCG.2016.2598790 2.png,,,,,
sci916.png,2016 Hu 10.1109:TVCG.2016.2598790 4.png,,,,,
sci917.png,2016 Hu 10.1109:TVCG.2016.2598790 6.png,,,,,
sci918.png,2016 Hu 10.1109:TVCG.2016.2598790 8.png,,,,,
sci919.png,2016 JoÃÂÃÂÃÂÃÂ nsson 10.1109:TVCG.2016.2598430 3.png,,,,,
sci920.png,2016 JoÃÂÃÂÃÂÃÂ nsson 10.1109:TVCG.2016.2598430 4.png,,,,,
sci921.png,2016 JoÃÂÃÂÃÂÃÂ nsson 10.1109:TVCG.2016.2598430 5.png,,,,,
sci922.png,2016 Kolesar 10.1109:TVCG.2016.2598870 1.png,,,,,
sci923.png,2016 Kolesar 10.1109:TVCG.2016.2598870 2.png,,,,,
sci924.png,2016 Kolesar 10.1109:TVCG.2016.2598870 3.png,,,,,
sci925.png,2016 Kolesar 10.1109:TVCG.2016.2598870 4.png,,,,,
sci928.png,2016 Krone 10.1109:TVCG.2016.2598824 13.png,,,,,
sci929.png,2016 Krone 10.1109:TVCG.2016.2598824 14.png,,,,,
sci930.png,2016 Krone 10.1109:TVCG.2016.2598824 15.png,,,,,
sci931.png,2016 Krone 10.1109:TVCG.2016.2598824 2.png,,,,,
sci933.png,2016 Krone 10.1109:TVCG.2016.2598824 26.png,,,,,
sci934.png,2016 Krone 10.1109:TVCG.2016.2598824 27.png,,,,,
sci935.png,2016 Krone 10.1109:TVCG.2016.2598824 28.png,,,,,
sci936.png,2016 Krone 10.1109:TVCG.2016.2598824 29.png,,,,,
sci937.png,2016 Krone 10.1109:TVCG.2016.2598824 3.png,,,,,
sci938.png,2016 Krone 10.1109:TVCG.2016.2598824 4.png,,,,,
sci939.png,2016 Krone 10.1109:TVCG.2016.2598824 5.png,,,,,
sci940.png,2016 Krone 10.1109:TVCG.2016.2598824 6.png,,,,,
sci941.png,2016 Krone 10.1109:TVCG.2016.2598824 7.png,,,,,
sci943.png,2016 Krone 10.1109:TVCG.2016.2598824 9.png,,,,,
sci944.png,2016 Meuschke 10.1109:TVCG.2016.2598795 10.png,,,,,
sci946.png,2016 Meuschke 10.1109:TVCG.2016.2598795 12.png,,,,,
sci948.png,2016 Meuschke 10.1109:TVCG.2016.2598795 14.png,,,,,
sci949.png,2016 Meuschke 10.1109:TVCG.2016.2598795 2.png,,,,,
sci950.png,2016 Meuschke 10.1109:TVCG.2016.2598795 3.png,,,,,
sci954.png,2016 Nadeem 10.1109:TVCG.2016.2598791 10.png,,,,,
sci955.png,2016 Nadeem 10.1109:TVCG.2016.2598791 11.png,,,,,
sci956.png,2016 Nadeem 10.1109:TVCG.2016.2598791 12.png,,,,,
sci957.png,2016 Nadeem 10.1109:TVCG.2016.2598791 13.png,,,,,
sci958.png,2016 Nadeem 10.1109:TVCG.2016.2598791 2.png,,,,,
sci959.png,2016 Nadeem 10.1109:TVCG.2016.2598791 8.png,,,,,
sci960.png,2016 Nadeem 10.1109:TVCG.2016.2598791 9.png,,,,,
sci961.png,2016 Rocha 10.1109:TVCG.2016.2598866 1.png,,,,,
sci962.png,2016 Rocha 10.1109:TVCG.2016.2598866 10.png,,,,,
sci963.png,2016 Rocha 10.1109:TVCG.2016.2598866 11.png,,,,,
sci964.png,2016 Rocha 10.1109:TVCG.2016.2598866 2.png,,,,,
sci965.png,2016 Rocha 10.1109:TVCG.2016.2598866 3.png,,,,,
sci966.png,2016 Rocha 10.1109:TVCG.2016.2598866 4.png,,,,,
sci967.png,2016 Rocha 10.1109:TVCG.2016.2598866 5.png,,,,,
sci968.png,2016 Rocha 10.1109:TVCG.2016.2598866 6.png,,,,,
sci969.png,2016 Rocha 10.1109:TVCG.2016.2598866 8.png,,,,,
sci970.png,2016 Sagrista 10.1109:TVCG.2016.2599018 10.png,,,,,
sci971.png,2016 Sagrista 10.1109:TVCG.2016.2599018 13.png,,,,,
sci972.png,2016 Sagrista 10.1109:TVCG.2016.2599018 14.png,,,,,
sci973.png,2016 Sagrista 10.1109:TVCG.2016.2599018 15.png,,,,,
sci974.png,2016 Sagrista 10.1109:TVCG.2016.2599018 16.png,,,,,
sci975.png,2016 Sagrista 10.1109:TVCG.2016.2599018 17.png,,,,,
sci976.png,2016 Sagrista 10.1109:TVCG.2016.2599018 18.png,,,,,
sci977.png,2016 Sagrista 10.1109:TVCG.2016.2599018 19.png,,,,,
sci978.png,2016 Sagrista 10.1109:TVCG.2016.2599018 20.png,,,,,
sci979.png,2016 Sagrista 10.1109:TVCG.2016.2599018 21.png,,,,,
sci980.png,2016 Sagrista 10.1109:TVCG.2016.2599018 22.png,,,,,
sci982.png,2016 Sagrista 10.1109:TVCG.2016.2599018 24.png,,,,,
sci983.png,2016 Sagrista 10.1109:TVCG.2016.2599018 25.png,,,,,
sci984.png,2016 Sagrista 10.1109:TVCG.2016.2599018 9.png,,,,,
sci985.png,2016 Schneider 10.1109:TVCG.2016.2599043 12.png,,,,,
sci986.png,2016 Schneider 10.1109:TVCG.2016.2599043 13.png,,,,,
sci987.png,2016 Schneider 10.1109:TVCG.2016.2599043 14.png,,,,,
sci988.png,2016 Schneider 10.1109:TVCG.2016.2599043 15.png,,,,,
sci989.png,2016 Smit 10.1109:TVCG.2016.2598826 1.png,,,,,
sci990.png,2016 Smit 10.1109:TVCG.2016.2598826 2.png,,,,,
sci991.png,2016 Smit 10.1109:TVCG.2016.2598826 3.png,,,,,
sci992.png,2016 Smit 10.1109:TVCG.2016.2598826 5.png,,,,,
sci993.png,2016 Smit 10.1109:TVCG.2016.2598826 7.png,,,,,
sci995.png,2016 Stevens 10.1109:TVCG.2016.2598448 1.png,,,,,
sci996.png,2016 Stevens 10.1109:TVCG.2016.2598448 2.png,,,,,
sci997.png,2016 Stevens 10.1109:TVCG.2016.2598448 3.png,,,,,
sci998.png,2016 Stevens 10.1109:TVCG.2016.2598448 4.png,,,,,
sci999.png,2016 Stevens 10.1109:TVCG.2016.2598448 5.png,,,,,
sci1001.png,2016 Tierny 10.1109:TVCG.2016.2599017 10.png,,,,,
sci1002.png,2016 Tierny 10.1109:TVCG.2016.2599017 11.png,,,,,
sci1003.png,2016 Tierny 10.1109:TVCG.2016.2599017 12.png,,,,,
sci1004.png,2016 Tong 10.1109:TVCG.2016.2599049 10.png,,,,,
sci1005.png,2016 Tong 10.1109:TVCG.2016.2599049 11.png,,,,,
sci1006.png,2016 Tong 10.1109:TVCG.2016.2599049 7.png,,,,,
sci1007.png,2016 Tong 10.1109:TVCG.2016.2599049 8.png,,,,,
sci1008.png,2016 Tong 10.1109:TVCG.2016.2599049 9.png,,,,,
sci1009.png,2016 Wald 10.1109:TVCG.2016.2599041 1.png,,,,,
sci1010.png,2016 Wald 10.1109:TVCG.2016.2599041 10.png,,,,,
sci1011.png,2016 Wald 10.1109:TVCG.2016.2599041 11.png,,,,,
sci1012.png,2016 Wald 10.1109:TVCG.2016.2599041 12.png,,,,,
sci1013.png,2016 Wald 10.1109:TVCG.2016.2599041 13.png,,,,,
sci1014.png,2016 Wald 10.1109:TVCG.2016.2599041 14.png,,,,,
sci1015.png,2016 Wald 10.1109:TVCG.2016.2599041 15.png,,,,,
sci1017.png,2016 Wald 10.1109:TVCG.2016.2599041 3.png,,,,,
sci1018.png,2016 Wald 10.1109:TVCG.2016.2599041 5.png,,,,,
sci1019.png,2016 Wald 10.1109:TVCG.2016.2599041 6.png,,,,,
sci1020.png,2016 Wald 10.1109:TVCG.2016.2599041 9.png,,,,,
sci1022.png,2016 Wu 10.1109:TVCG.2016.2599040 10.png,,,,,
sci1023.png,2016 Wu 10.1109:TVCG.2016.2599040 11.png,,,,,
sci1024.png,2016 Wu 10.1109:TVCG.2016.2599040 12.png,,,,,
sci1025.png,2016 Wu 10.1109:TVCG.2016.2599040 13.png,,,,,
sci1026.png,2016 Wu 10.1109:TVCG.2016.2599040 2.png,,,,,
sci1027.png,2016 Wu 10.1109:TVCG.2016.2599040 4.png,,,,,
sci1029.png,2016 Wu 10.1109:TVCG.2016.2599040 9.png,,,,,
sci1030.png,2017 Bladin 10.1109:TVCG.2017.2743958 4.png,,,,,
sci1031.png,2017 Bock 10.1109:TVCG.2017.2743980 2.png,,,,,
sci1032.png,2017 Bock 10.1109:TVCG.2017.2743980 3.png,,,,,
sci1033.png,2017 Bock 10.1109:TVCG.2017.2743980 4.png,,,,,
sci1034.png,2017 Bock 10.1109:TVCG.2017.2743980 5.png,,,,,
sci1036.png,2017 Bock 10.1109:TVCG.2017.2743980 7.png,,,,,
sci1037.png,2017 Hadwiger 10.1109:TVCG.2017.2744238 1.png,,,,,
sci1040.png,2017 Ibrahim 10.1109:TVCG.2017.2743979 8.png,,,,,
sci1041.png,2017 Jallepalli 10.1109:TVCG.2017.2744058 1.png,,,,,
sci1042.png,2017 Jallepalli 10.1109:TVCG.2017.2744058 10.png,,,,,
sci1043.png,2017 Jallepalli 10.1109:TVCG.2017.2744058 11.png,,,,,
sci1044.png,2017 Jallepalli 10.1109:TVCG.2017.2744058 12.png,,,,,
sci1045.png,2017 Jallepalli 10.1109:TVCG.2017.2744058 4.png,,,,,
sci1046.png,2017 Kern 10.1109:TVCG.2017.2743989 11.png,,,,,
sci1047.png,2017 Kern 10.1109:TVCG.2017.2743989 12.png,,,,,
sci1048.png,2017 Kern 10.1109:TVCG.2017.2743989 13.png,,,,,
sci1049.png,2017 Kern 10.1109:TVCG.2017.2743989 14.png,,,,,
sci1050.png,2017 Kern 10.1109:TVCG.2017.2743989 15.png,,,,,
sci1051.png,2017 Kern 10.1109:TVCG.2017.2743989 16.png,,,,,
sci1052.png,2017 Kern 10.1109:TVCG.2017.2743989 17.png,,,,,
sci1053.png,2017 Kern 10.1109:TVCG.2017.2743989 18.png,,,,,
sci1054.png,2017 Kern 10.1109:TVCG.2017.2743989 19.png,,,,,
sci1055.png,2017 Kern 10.1109:TVCG.2017.2743989 20.png,,,,,
sci1056.png,2017 Kern 10.1109:TVCG.2017.2743989 21.png,,,,,
sci1057.png,2017 Kern 10.1109:TVCG.2017.2743989 9.png,,,,,
sci1058.png,2017 Klein 10.1109:TVCG.2017.2744258 1.png,,,,,
sci1059.png,2017 Klein 10.1109:TVCG.2017.2744258 13.png,,,,,
sci1060.png,2017 Klein 10.1109:TVCG.2017.2744258 14.png,,,,,
sci1061.png,2017 Klein 10.1109:TVCG.2017.2744258 15.png,,,,,
sci1062.png,2017 Klein 10.1109:TVCG.2017.2744258 16.png,,,,,
sci1063.png,2017 Klein 10.1109:TVCG.2017.2744258 17.png,,,,,
sci1065.png,2017 Klein 10.1109:TVCG.2017.2744258 19.png,,,,,
sci1067.png,2017 Klein 10.1109:TVCG.2017.2744258 20.png,,,,,
sci1068.png,2017 Klein 10.1109:TVCG.2017.2744258 21.png,,,,,
sci1069.png,2017 Klein 10.1109:TVCG.2017.2744258 22.png,,,,,
sci1070.png,2017 Klein 10.1109:TVCG.2017.2744258 23.png,,,,,
sci1071.png,2017 Klein 10.1109:TVCG.2017.2744258 24.png,,,,,
sci1073.png,2017 Klein 10.1109:TVCG.2017.2744258 6.png,,,,,
sci1074.png,2017 Magnus 10.1109:TVCG.2017.2744438 1.png,,,,,
sci1075.png,2017 Magnus 10.1109:TVCG.2017.2744438 10.png,,,,,
sci1076.png,2017 Magnus 10.1109:TVCG.2017.2744438 11.png,,,,,
sci1077.png,2017 Magnus 10.1109:TVCG.2017.2744438 12.png,,,,,
sci1078.png,2017 Magnus 10.1109:TVCG.2017.2744438 3.png,,,,,
sci1079.png,2017 Magnus 10.1109:TVCG.2017.2744438 4.png,,,,,
sci1080.png,2017 Magnus 10.1109:TVCG.2017.2744438 6.png,,,,,
sci1081.png,2017 Magnus 10.1109:TVCG.2017.2744438 7.png,,,,,
sci1082.png,2017 Magnus 10.1109:TVCG.2017.2744438 9.png,,,,,
sci1083.png,2017 Miao 10.1109:TVCG.2017.2743981 3.png,,,,,
sci1084.png,2017 Mindek 10.1109:TVCG.2017.2744518 1.png,,,,,
sci1086.png,2017 Mindek 10.1109:TVCG.2017.2744518 12.png,,,,,
sci1087.png,2017 Mindek 10.1109:TVCG.2017.2744518 13.png,,,,,
sci1088.png,2017 Mindek 10.1109:TVCG.2017.2744518 14.png,,,,,
sci1090.png,2017 Mindek 10.1109:TVCG.2017.2744518 17.png,,,,,
sci1091.png,2017 Mindek 10.1109:TVCG.2017.2744518 19.png,,,,,
sci1092.png,2017 Mindek 10.1109:TVCG.2017.2744518 2.png,,,,,
sci1093.png,2017 Mindek 10.1109:TVCG.2017.2744518 3.png,,,,,
sci1094.png,2017 Mindek 10.1109:TVCG.2017.2744518 4.png,,,,,
sci1095.png,2017 Mindek 10.1109:TVCG.2017.2744518 5.png,,,,,
sci1096.png,2017 Mindek 10.1109:TVCG.2017.2744518 6.png,,,,,
sci1097.png,2017 Mindek 10.1109:TVCG.2017.2744518 7.png,,,,,
sci1098.png,2017 Mindek 10.1109:TVCG.2017.2744518 8.png,,,,,
sci1099.png,2017 Mindek 10.1109:TVCG.2017.2744518 9.png,,,,,
sci1100.png,2017 Mohammed 10.1109:TVCG.2017.2744278 1.png,,,,,
sci1101.png,2017 Mohammed 10.1109:TVCG.2017.2744278 10.png,,,,,
sci1102.png,2017 Mohammed 10.1109:TVCG.2017.2744278 11.png,,,,,
sci1103.png,2017 Mohammed 10.1109:TVCG.2017.2744278 15.png,,,,,
sci1104.png,2017 Mohammed 10.1109:TVCG.2017.2744278 16.png,,,,,
sci1105.png,2017 Mohammed 10.1109:TVCG.2017.2744278 17.png,,,,,
sci1108.png,2017 Mohammed 10.1109:TVCG.2017.2744278 2.png,,,,,
sci1110.png,2017 Mohammed 10.1109:TVCG.2017.2744278 4.png,,,,,
sci1111.png,2017 Mohammed 10.1109:TVCG.2017.2744278 5.png,,,,,
sci1112.png,2017 Mohammed 10.1109:TVCG.2017.2744278 6.png,,,,,
sci1116.png,2017 Quan 10.1109:TVCG.2017.2744078 8.png,,,,,
sci1117.png,2017 Roy 10.1109:TVCG.2017.2744038 1.png,,,,,
sci1118.png,2017 Roy 10.1109:TVCG.2017.2744038 2.png,,,,,
sci1119.png,2017 Roy 10.1109:TVCG.2017.2744038 3.png,,,,,
sci1120.png,2017 Roy 10.1109:TVCG.2017.2744038 7.png,,,,,
sci1121.png,2017 Roy 10.1109:TVCG.2017.2744038 9.png,,,,,
sci1123.png,2017 Sakhaee 10.1109:TVCG.2016.2637333 23.png,,,,,
sci1124.png,2017 Sakhaee 10.1109:TVCG.2016.2637333 24.png,,,,,
sci1125.png,2017 Sakhaee 10.1109:TVCG.2016.2637333 25.png,,,,,
sci1126.png,2017 Sakhaee 10.1109:TVCG.2016.2637333 26.png,,,,,
sci1127.png,2017 Sakhaee 10.1109:TVCG.2016.2637333 30.png,,,,,
sci1128.png,2017 Sakhaee 10.1109:TVCG.2016.2637333 35.png,,,,,
sci1129.png,2017 Sakhaee 10.1109:TVCG.2016.2637333 36.png,,,,,
sci1130.png,2017 Sakhaee 10.1109:TVCG.2016.2637333 37.png,,,,,
sci1131.png,2017 Sakhaee 10.1109:TVCG.2016.2637333 6.png,,,,,
sci1132.png,2017 Sauer 10.1109:TVCG.2016.2620975 6.png,,,,,
sci1133.png,2017 Sauer 10.1109:TVCG.2016.2620975 7.png,,,,,
sci1134.png,2017 Sauer 10.1109:TVCG.2016.2620975 8.png,,,,,
sci1136.png,2017 Tierny 10.1109:TVCG.2017.2743938 2.png,,,,,
sci1137.png,2017 Tierny 10.1109:TVCG.2017.2743938 6.png,,,,,
sci1138.png,2017 Usher 10.1109:TVCG.2017.2744079 14.png,,,,,
sci1139.png,2017 Usher 10.1109:TVCG.2017.2744079 19.png,,,,,
sci1140.png,2017 Usher 10.1109:TVCG.2017.2744079 8.png,,,,,
sci1141.png,2017 Zhang 10.1109:TVCG.2017.2744059 3.png,,,,,
sci1142.png,2017 Zhang 10.1109:TVCG.2017.2744059 4.png,,,,,