filename,ImageName,imageID,isTarget,url,comments,type,category
sci1.png,2008 Bachthaler 10.1109:TVCG.2008.119 1.png,,0,,,,
sci2.png,2008 Bachthaler 10.1109:TVCG.2008.119 2.png,,0,,,,
sci3.png,2008 Bachthaler 10.1109:TVCG.2008.119 3.png,,1,,,,
sci4.png,2008 BuÃÂÃÂÃÂÃÂ rger 10.1109:TVCG.2008.120.png,,0,,,,
sci5.png,2008 Caban 10.1109:TVCG.2008.169 1.png,,0,,,,
sci6.png,2008 Caban 10.1109:TVCG.2008.169 2.png,,0,,,,
sci7.png,2008 Caban 10.1109:TVCG.2008.169 3.png,,0,,,,
sci8.png,2008 Correa 10.1109:TVCG.2008.162 1.png,,0,,,,
sci9.png,2008 Correa 10.1109:TVCG.2008.162 2.png,,0,,,,
sci10.png,2008 Degener 10.1109:TVCG.2008.124.png,,0,,,,
sci11.png,2008 Dietrich 10.1109:TVCG.2008.122 1.png,,0,,,,
sci12.png,2008 Dietrich 10.1109:TVCG.2008.122 2.png,,0,,,,
sci13.png,2008 Dietrich 10.1109:TVCG.2008.122 3.png,,0,,,,
sci14.png,2008 Funck 10.1109:TVCG.2008.163 1.png,,0,,,,
sci15.png,2008 Funck 10.1109:TVCG.2008.163 2.png,,0,,,,
sci16.png,2008 Funck 10.1109:TVCG.2008.163 3.png,,0,,,,
sci17.png,2008 Funck 10.1109:TVCG.2008.163 4.png,,1,,,,
sci18.png,2008 Funck 10.1109:TVCG.2008.163 5.png,,0,,,,
sci19.png,2008 Garth 10.1109:TVCG.2008.133 1.png,,0,,,,
sci20.png,2008 Garth 10.1109:TVCG.2008.133 2.png,,0,,,,
sci21.png,2008 Garth 10.1109:TVCG.2008.133 3.png,,0,,,,
sci22.png,2008 Garth 10.1109:TVCG.2008.133 4.png,,0,,,,
sci23.png,2008 Gosink 10.1109:TVCG.2008.157.png,,0,,,,
sci24.png,2008 Hentschel 10.1109:TVCG.2008.142 1.png,,0,,,,
sci25.png,2008 Hentschel 10.1109:TVCG.2008.142 2.png,,1,,,,
sci26.png,2008 Johnson 10.1109:TVCG.2008.146 1.png,,0,,,,
sci27.png,2008 Johnson 10.1109:TVCG.2008.146 2.png,,0,,,,
sci28.png,2008 Joshi 10.1109:TVCG.2008.150.png,,0,,,,
sci29.png,2008 Kim 10.1109:TVCG.2008.115.png,,0,,,,
sci30.png,2008 Koop 10.1109:TVCG.2008.174.png,,0,,,,
sci31.png,2008 KruÃÂÃÂÃÂÃÂ ger 10.1109:TVCG.2008.161.png,,0,,,,
sci32.png,2008 Ledergerber 10.1109:TVCG.2008.186 1.png,,0,,,,
sci33.png,2008 Ledergerber 10.1109:TVCG.2008.186 2.png,,0,,,,
sci34.png,2008 Ledergerber 10.1109:TVCG.2008.186 3.png,,0,,,,
sci35.png,2008 Ledergerber 10.1109:TVCG.2008.186 4.png,,0,,,,
sci36.png,2008 Ledergerber 10.1109:TVCG.2008.186 5.png,,0,,,,
sci37.png,2008 Leitte 10.1109:TVCG.2008.116 1.png,,1,,,,
sci38.png,2008 Leitte 10.1109:TVCG.2008.116 2.png,,1,,,,
sci39.png,2008 Leitte 10.1109:TVCG.2008.116 3.png,,1,,,,
sci40.png,2008 Leitte 10.1109:TVCG.2008.116 4.png,,0,,,,
sci41.png,2008 Li 10.1109:TVCG.2008.182 1.png,,1,,,,
sci42.png,2008 Li 10.1109:TVCG.2008.182 2.png,,0,,,,
sci43.png,2008 Linsen 10.1109:TVCG.2008.167 1.png,,0,,,,
sci44.png,2008 Linsen 10.1109:TVCG.2008.167 2.png,,0,,,,
sci45.png,2008 Linsen 10.1109:TVCG.2008.167 3.png,,0,,,,
sci46.png,2008 Linsen 10.1109:TVCG.2008.167 4.png,,0,,,,
sci47.png,2008 Linsen 10.1109:TVCG.2008.167.png,,1,,,,
sci48.png,2008 Mayerich 10.1109:TVCG.2008.179 1.png,,0,,,,
sci49.png,2008 Mayerich 10.1109:TVCG.2008.179 2.png,,1,,,,
sci50.png,2008 Mayerich 10.1109:TVCG.2008.179 3.png,,0,,,,
sci51.png,2008 Mayerich 10.1109:TVCG.2008.179 4.png,,0,,,,
sci52.png,2008 Meyer-Spradow 10.1109:TVCG.2008.136.png,,1,,,,
sci53.png,2008 Rosenthal 10.1109:TVCG.2008.164.png,,0,,,,
sci54.png,2008 Schneider 10.1109:TVCG.2008.143 1.png,,0,,,,
sci55.png,2008 Schneider 10.1109:TVCG.2008.143 2.png,,1,,,,
sci56.png,2008 Schneider 10.1109:TVCG.2008.143 3.png,,0,,,,
sci57.png,2008 Schneider 10.1109:TVCG.2008.143 4.png,,0,,,,
sci58.png,2008 Schultz 10.1109:TVCG.2008.128.png,,0,,,,
sci59.png,2008 Soni 10.1109:TVCG.2008.183 1.png,,0,,,,
sci60.png,2008 Soni 10.1109:TVCG.2008.183 2.png,,0,,,,
sci61.png,2008 Soni 10.1109:TVCG.2008.183 3.png,,0,,,,
sci62.png,2008 Termeer 10.1109:TVCG.2008.180 1.png,,0,,,,
sci63.png,2008 Termeer 10.1109:TVCG.2008.180 2.png,,0,,,,
sci64.png,2008 Termeer 10.1109:TVCG.2008.180 3.png,,0,,,,
sci65.png,2008 Tricoche 10.1109:TVCG.2008.148 1.png,,0,,,,
sci66.png,2008 Tricoche 10.1109:TVCG.2008.148 2.png,,0,,,,
sci67.png,2008 Tricoche 10.1109:TVCG.2008.148 3.png,,0,,,,
sci68.png,2008 Wang 10.1109:TVCG.2008.140 1.png,,1,,,,
sci69.png,2008 Wang 10.1109:TVCG.2008.140 2.png,,0,,,,
sci70.png,2008 Wang 10.1109:TVCG.2008.140 3.png,,1,,,,
sci71.png,2008 Wang 10.1109:TVCG.2008.140 4.png,,0,,,,
sci72.png,2008 Weigle 10.1109:TVCG.2008.108.png,,1,,,,
sci73.png,2008 Zhou 10.1109:TVCG.2008.176 1.png,,0,,,,
sci74.png,2008 Zhou 10.1109:TVCG.2008.176 2.png,,0,,,,
sci75.png,2008 Zhou 10.1109:TVCG.2008.176 3.png,,1,,,,
sci76.png,2009 Banks 10.1109:TVCG.2009.137 1.png,,0,,,,
sci77.png,2009 Banks 10.1109:TVCG.2009.137 2.png,,0,,,,
sci78.png,2009 Banks 10.1109:TVCG.2009.137 3.png,,1,,,,
sci79.png,2009 Brecheisen 10.1109:TVCG.2009.170.png,,0,,,,
sci80.png,2009 BuÃÂÃÂÃÂÃÂ rger 10.1109:TVCG.2009.154 1.png,,0,,,,
sci81.png,2009 BuÃÂÃÂÃÂÃÂ rger 10.1109:TVCG.2009.154 2.png,,0,,,,
sci82.png,2009 BuÃÂÃÂÃÂÃÂ rger 10.1109:TVCG.2009.154 3.png,,0,,,,
sci83.png,2009 BuÃÂÃÂÃÂÃÂ rger 10.1109:TVCG.2009.154 4.png,,0,,,,
sci84.png,2009 Chen 10.1109:TVCG.2009.203 1.png,,1,,,,
sci85.png,2009 Chen 10.1109:TVCG.2009.203 2.png,,0,,,,
sci86.png,2009 Chu 10.1109:TVCG.2009.147 1.png,,0,,,,
sci87.png,2009 Chu 10.1109:TVCG.2009.147 2.png,,0,,,,
sci88.png,2009 Chu 10.1109:TVCG.2009.147 3.png,,1,,,,
sci89.png,2009 Chu 10.1109:TVCG.2009.147 4.png,,0,,,,
sci90.png,2009 Correa 10.1109:TVCG.2009.189 1.png,,1,,,,
sci91.png,2009 Correa 10.1109:TVCG.2009.189 2.png,,0,,,,
sci92.png,2009 Correa 10.1109:TVCG.2009.189 3.png,,0,,,,
sci93.png,2009 Correa 10.1109:TVCG.2009.189 4.png,,0,,,,
sci94.png,2009 Demiralp 10.1109:TVCG.2009.125 1.png,,0,,,,
sci95.png,2009 Demiralp 10.1109:TVCG.2009.125 2.png,,0,,,,
sci96.png,2009 Demiralp 10.1109:TVCG.2009.125 3.png,,0,,,,
sci97.png,2009 Demiralp 10.1109:TVCG.2009.125 4.png,,0,,,,
sci98.png,2009 Demiralp 10.1109:TVCG.2009.125 5.png,,1,,,,
sci99.png,2009 Dick 10.1109:TVCG.2009.184 1.png,,1,,,,
sci100.png,2009 Dick 10.1109:TVCG.2009.184 2.png,,0,,,,
sci101.png,2009 Everts 10.1109:TVCG.2009.138 1.png,,0,,,,
sci102.png,2009 Everts 10.1109:TVCG.2009.138 2.png,,0,,,,
sci103.png,2009 Everts 10.1109:TVCG.2009.138 3.png,,1,,,,
sci104.png,2009 Forsberg 10.1109:TVCG.2009.126 1.png,,0,,,,
sci105.png,2009 Forsberg 10.1109:TVCG.2009.126 2.png,,0,,,,
sci106.png,2009 Fraedrich 10.1109:TVCG.2009.142 1.png,,0,,,,
sci107.png,2009 Fraedrich 10.1109:TVCG.2009.142 2.png,,0,,,,
sci108.png,2009 Fritz 10.1109:TVCG.2009.115 1.png,,0,,,,
sci109.png,2009 Fritz 10.1109:TVCG.2009.115 2.png,,0,,,,
sci110.png,2009 Heinrich 10.1109:TVCG.2009.131.png,,1,,,,
sci111.png,2009 Jeong 10.1109:TVCG.2009.178.png,,0,,,,
sci112.png,2009 Jianu 10.1109:TVCG.2009.141.png,,0,,,,
sci113.png,2009 Kindlmann 10.1109:TVCG.2009.177 1.png,,0,,,,
sci114.png,2009 Kindlmann 10.1109:TVCG.2009.177 2.png,,0,,,,
sci115.png,2009 Kindlmann 10.1109:TVCG.2009.177 3.png,,0,,,,
sci116.png,2009 Kindlmann 10.1109:TVCG.2009.177 4.png,,0,,,,
sci117.png,2009 Kindlmann 10.1109:TVCG.2009.177 5.png,,0,,,,
sci118.png,2009 Krishnan 10.1109:TVCG.2009.190 1.png,,0,,,,
sci119.png,2009 Krishnan 10.1109:TVCG.2009.190 2.png,,0,,,,
sci120.png,2009 Krishnan 10.1109:TVCG.2009.190 3.png,,0,,,,
sci121.png,2009 Krone 10.1109:TVCG.2009.157 1.png,,0,,,,
sci122.png,2009 Krone 10.1109:TVCG.2009.157 2.png,,1,,,,
sci123.png,2009 Krone 10.1109:TVCG.2009.157 3.png,,0,,,,
sci124.png,2009 Krone 10.1109:TVCG.2009.157 4.png,,0,,,,
sci125.png,2009 Lampe 10.1109:TVCG.2009.136 1.png,,0,,,,
sci126.png,2009 Lampe 10.1109:TVCG.2009.136 2.png,,0,,,,
sci127.png,2009 Lampe 10.1109:TVCG.2009.136 3.png,,0,,,,
sci128.png,2009 Lampe 10.1109:TVCG.2009.136 4.png,,0,,,,
sci129.png,2009 Lampe 10.1109:TVCG.2009.136 5.png,,1,,,,
sci130.png,2009 Leitte 10.1109:TVCG.2009.197.png,,0,,,,
sci131.png,2009 Marchesin 10.1109:TVCG.2009.149 1.png,,0,,,,
sci132.png,2009 Marchesin 10.1109:TVCG.2009.149 2.png,,0,,,,
sci133.png,2009 Marchesin 10.1109:TVCG.2009.149 3.png,,0,,,,
sci134.png,2009 Marchesin 10.1109:TVCG.2009.149 4.png,,1,,,,
sci135.png,2009 Qu 10.1109:TVCG.2009.144.png,,0,,,,
sci136.png,2009 Sanyal 10.1109:TVCG.2009.114.png,,0,,,,
sci137.png,2009 Schindler 10.1109:TVCG.2009.173 1.png,,1,,,,
sci138.png,2009 Schindler 10.1109:TVCG.2009.173 2.png,,0,,,,
sci139.png,2009 Schindler 10.1109:TVCG.2009.173 3.png,,0,,,,
sci140.png,2009 Tierny 10.1109:TVCG.2009.163.png,,0,,,,
sci141.png,2009 Wan 10.1109:TVCG.2009.118 1.png,,0,,,,
sci142.png,2009 Wan 10.1109:TVCG.2009.118 2.png,,1,,,,
sci143.png,2009 Wan 10.1109:TVCG.2009.118 3.png,,0,,,,
sci144.png,2009 Wan 10.1109:TVCG.2009.118 4.png,,0,,,,
sci145.png,2009 Wan 10.1109:TVCG.2009.118 5.png,,1,,,,
sci146.png,2009 Ware 10.1109:TVCG.2009.175 1.png,,0,,,,
sci147.png,2009 Ware 10.1109:TVCG.2009.175 2.png,,0,,,,
sci148.png,2010 Amirkhanov 10.1109:TVCG.2010.214 1.png,,0,,,,
sci149.png,2010 Amirkhanov 10.1109:TVCG.2010.214 2.png,,0,,,,
sci150.png,2010 Born 10.1109:TVCG.2010.166 1.png,,0,,,,
sci151.png,2010 Born 10.1109:TVCG.2010.166 2.png,,0,,,,
sci152.png,2010 Born 10.1109:TVCG.2010.166 3.png,,0,,,,
sci153.png,2010 Born 10.1109:TVCG.2010.166 4.png,,1,,,,
sci154.png,2010 Born 10.1109:TVCG.2010.166 5.png,,0,,,,
sci155.png,2010 Born 10.1109:TVCG.2010.166 6.png,,0,,,,
sci156.png,2010 Cui 10.1109:TVCG.2010.127 1.png,,1,,,,
sci157.png,2010 Cui 10.1109:TVCG.2010.127 2.png,,0,,,,
sci158.png,2010 Ferstl 10.1109:TVCG.2010.169 1.png,,0,,,,
sci159.png,2010 Ferstl 10.1109:TVCG.2010.169 2.png,,0,,,,
sci160.png,2010 Ferstl 10.1109:TVCG.2010.169 3.png,,1,,,,
sci161.png,2010 Ferstl 10.1109:TVCG.2010.169 4.png,,0,,,,
sci162.png,2010 Ferstl 10.1109:TVCG.2010.169 5.png,,0,,,,
sci163.png,2010 Ferstl 10.1109:TVCG.2010.169 6.png,,1,,,,
sci164.png,2010 Ferstl 10.1109:TVCG.2010.169 7.png,,1,,,,
sci165.png,2010 Ferstl 10.1109:TVCG.2010.169 8.png,,0,,,,
sci166.png,2010 Fraedrich 10.1109:TVCG.2010.148 1.png,,0,,,,
sci167.png,2010 Fraedrich 10.1109:TVCG.2010.148 2.png,,0,,,,
sci168.png,2010 Fraedrich 10.1109:TVCG.2010.148 3.png,,0,,,,
sci169.png,2010 Fraedrich 10.1109:TVCG.2010.148 4.png,,1,,,,
sci170.png,2010 Fraedrich 10.1109:TVCG.2010.148 5.png,,0,,,,
sci171.png,2010 Fraedrich 10.1109:TVCG.2010.148 6.png,,0,,,,
sci172.png,2010 Fraedrich 10.1109:TVCG.2010.148 7.png,,0,,,,
sci173.png,2010 Garth 10.1109:TVCG.2010.156 1.png,,0,,,,
sci174.png,2010 Garth 10.1109:TVCG.2010.156 2.png,,0,,,,
sci175.png,2010 Gerber 10.1109:TVCG.2010.213.png,,0,,,,
sci176.png,2010 Guetat 10.1109:TVCG.2010.187.png,,0,,,,
sci177.png,2010 Hummel 10.1109:TVCG.2010.173 1.png,,0,,,,
sci178.png,2010 Hummel 10.1109:TVCG.2010.173 10.png,,0,,,,
sci179.png,2010 Hummel 10.1109:TVCG.2010.173 2.png,,0,,,,
sci180.png,2010 Hummel 10.1109:TVCG.2010.173 3.png,,1,,,,
sci181.png,2010 Hummel 10.1109:TVCG.2010.173 4.png,,0,,,,
sci182.png,2010 Hummel 10.1109:TVCG.2010.173 5.png,,0,,,,
sci183.png,2010 Hummel 10.1109:TVCG.2010.173 6.png,,0,,,,
sci184.png,2010 Hummel 10.1109:TVCG.2010.173 7.png,,0,,,,
sci185.png,2010 Hummel 10.1109:TVCG.2010.173 8.png,,0,,,,
sci186.png,2010 Hummel 10.1109:TVCG.2010.173 9.png,,0,,,,
sci187.png,2010 Jeong 10.1109:TVCG.2010.168 1.png,,1,,,,
sci188.png,2010 Jeong 10.1109:TVCG.2010.168 2.png,,0,,,,
sci189.png,2010 Jones 10.1109:TVCG.2010.218 1.png,,0,,,,
sci190.png,2010 Jones 10.1109:TVCG.2010.218 2.png,,0,,,,
sci191.png,2010 Jones 10.1109:TVCG.2010.218 3.png,,0,,,,
sci192.png,2010 Jones 10.1109:TVCG.2010.218 4.png,,0,,,,
sci193.png,2010 Jones 10.1109:TVCG.2010.218 5.png,,0,,,,
sci194.png,2010 Jones 10.1109:TVCG.2010.218 6.png,,0,,,,
sci195.png,2010 Jones 10.1109:TVCG.2010.218 7.png,,1,,,,
sci196.png,2010 Jones 10.1109:TVCG.2010.218 8.png,,0,,,,
sci197.png,2010 Karpenko 10.1109:TVCG.2010.151.png,,1,,,,
sci198.png,2010 Kok 10.1109:TVCG.2010.134.png,,1,,,,
sci199.png,2010 Law 10.1109:TVCG.2010.189 1.png,,1,,,,
sci200.png,2010 Law 10.1109:TVCG.2010.189 2.png,,0,,,,
sci201.png,2010 Law 10.1109:TVCG.2010.189.png,,0,,,,
sci202.png,2010 Lee 10.1109:TVCG.2010.155.png,,0,,,,
sci203.png,2010 Lehmann 10.1109:TVCG.2010.146 1.png,,0,,,,
sci204.png,2010 Lehmann 10.1109:TVCG.2010.146 2.png,,1,,,,
sci205.png,2010 Lehmann 10.1109:TVCG.2010.146 3.png,,0,,,,
sci206.png,2010 Lehmann 10.1109:TVCG.2010.146 4.png,,0,,,,
sci207.png,2010 Lindholm 10.1109:TVCG.2010.195 1.png,,0,,,,
sci208.png,2010 Lindholm 10.1109:TVCG.2010.195 2.png,,0,,,,
sci209.png,2010 Lindholm 10.1109:TVCG.2010.195 3.png,,0,,,,
sci210.png,2010 Lindholm 10.1109:TVCG.2010.195 4.png,,0,,,,
sci211.png,2010 Lindholm 10.1109:TVCG.2010.195 5.png,,0,,,,
sci212.png,2010 Lindholm 10.1109:TVCG.2010.195 6.png,,0,,,,
sci213.png,2010 Lindholm 10.1109:TVCG.2010.195 7.png,,0,,,,
sci214.png,2010 Marchesin 10.1109:TVCG.2010.212 1.png,,0,,,,
sci215.png,2010 Marchesin 10.1109:TVCG.2010.212 10.png,,0,,,,
sci216.png,2010 Marchesin 10.1109:TVCG.2010.212 11.png,,1,,,,
sci217.png,2010 Marchesin 10.1109:TVCG.2010.212 12.png,,0,,,,
sci218.png,2010 Marchesin 10.1109:TVCG.2010.212 13.png,,0,,,,
sci219.png,2010 Marchesin 10.1109:TVCG.2010.212 2.png,,0,,,,
sci220.png,2010 Marchesin 10.1109:TVCG.2010.212 3.png,,0,,,,
sci221.png,2010 Marchesin 10.1109:TVCG.2010.212 4.png,,1,,,,
sci222.png,2010 Marchesin 10.1109:TVCG.2010.212 5.png,,0,,,,
sci223.png,2010 Marchesin 10.1109:TVCG.2010.212 6.png,,0,,,,
sci224.png,2010 Marchesin 10.1109:TVCG.2010.212 7.png,,0,,,,
sci225.png,2010 Marchesin 10.1109:TVCG.2010.212 8.png,,0,,,,
sci226.png,2010 Marchesin 10.1109:TVCG.2010.212 9.png,,0,,,,
sci227.png,2010 MuÃÂÃÂÃÂÃÂ ller 10.1109:TVCG.2010.196 1.png,,0,,,,
sci228.png,2010 MuÃÂÃÂÃÂÃÂ ller 10.1109:TVCG.2010.196 2.png,,0,,,,
sci229.png,2010 Pelt 10.1109:TVCG.2010.153 1.png,,1,,,,
sci230.png,2010 Pelt 10.1109:TVCG.2010.153 2.png,,0,,,,
sci231.png,2010 Saad 10.1109:TVCG.2010.152.png,,1,,,,
sci232.png,2010 Sanderson 10.1109:TVCG.2010.133 1.png,,0,,,,
sci233.png,2010 Sanderson 10.1109:TVCG.2010.133 2.png,,0,,,,
sci234.png,2010 Sanderson 10.1109:TVCG.2010.133 3.png,,0,,,,
sci235.png,2010 Sanderson 10.1109:TVCG.2010.133 4.png,,0,,,,
sci236.png,2010 Sanderson 10.1109:TVCG.2010.133 5.png,,0,,,,
sci237.png,2010 Sanyal 10.1109:TVCG.2010.181.png,,0,,,,
sci238.png,2010 Schultz 10.1109:TVCG.2010.199 1.png,,0,,,,
sci239.png,2010 Schultz 10.1109:TVCG.2010.199 2.png,,1,,,,
sci240.png,2010 Schultz 10.1109:TVCG.2010.199 3.png,,0,,,,
sci241.png,2010 Schultz 10.1109:TVCG.2010.199 4.png,,0,,,,
sci242.png,2010 Schultz 10.1109:TVCG.2010.199 5.png,,0,,,,
sci243.png,2010 Tateosian 10.1109:TVCG.2010.202 1.png,,0,,,,
sci244.png,2010 Tateosian 10.1109:TVCG.2010.202 2.png,,1,,,,
sci245.png,2010 Weinkauf 10.1109:TVCG.2010.198.png,,0,,,,
sci246.png,2010 Zeng 10.1109:TVCG.2010.200 1.png,,0,,,,
sci247.png,2010 Zeng 10.1109:TVCG.2010.200 2.png,,0,,,,
sci248.png,2010 Zeng 10.1109:TVCG.2010.200 3.png,,0,,,,
sci249.png,2010 Zhang 10.1109:TVCG.2010.221 1.png,,0,,,,
sci250.png,2010 Zhang 10.1109:TVCG.2010.221 2.png,,0,,,,
sci251.png,2010 Zheng 10.1109:TVCG.2010.211.png,,0,,,,
sci252.png,2011 Amirkhanov 10.1109:TVCG.2011.228.png,,0,,,,
sci253.png,2011 Chen 10.1109:TVCG.2011.164 1.png,,0,,,,
sci254.png,2011 Chen 10.1109:TVCG.2011.164 2.png,,1,,,,
sci255.png,2011 Chen 10.1109:TVCG.2011.164 3.png,,0,,,,
sci256.png,2011 Correa 10.1109:TVCG.2011.244 1.png,,0,,,,
sci257.png,2011 Correa 10.1109:TVCG.2011.244 2.png,,0,,,,
sci258.png,2011 Correa 10.1109:TVCG.2011.244 3.png,,0,,,,
sci259.png,2011 Correa 10.1109:TVCG.2011.245.png,,0,,,,
sci260.png,2011 Dick 10.1109:TVCG.2011.189 1.png,,0,,,,
sci261.png,2011 Dick 10.1109:TVCG.2011.189 2.png,,0,,,,
sci262.png,2011 Dick 10.1109:TVCG.2011.189 3.png,,0,,,,
sci263.png,2011 Dick 10.1109:TVCG.2011.189 4.png,,0,,,,
sci264.png,2011 Dick 10.1109:TVCG.2011.189 5.png,,0,,,,
sci265.png,2011 Dick 10.1109:TVCG.2011.189 6.png,,0,,,,
sci266.png,2011 Gasteiger 10.1109:TVCG.2011.243 1.png,,1,,,,
sci267.png,2011 Gasteiger 10.1109:TVCG.2011.243 2.png,,1,,,,
sci268.png,2011 Gasteiger 10.1109:TVCG.2011.243 3.png,,0,,,,
sci269.png,2011 Gasteiger 10.1109:TVCG.2011.243 4.png,,0,,,,
sci270.png,2011 Gasteiger 10.1109:TVCG.2011.243 5.png,,0,,,,
sci271.png,2011 Gasteiger 10.1109:TVCG.2011.243 6.png,,0,,,,
sci272.png,2011 Giusti 10.1109:TVCG.2011.168 1.png,,0,,,,
sci273.png,2011 Giusti 10.1109:TVCG.2011.168 2.png,,1,,,,
sci274.png,2011 Giusti 10.1109:TVCG.2011.168 3.png,,0,,,,
sci275.png,2011 Gu 10.1109:TVCG.2011.246 1.png,,0,,,,
sci276.png,2011 Gu 10.1109:TVCG.2011.246 2.png,,0,,,,
sci277.png,2011 Guo 10.1109:TVCG.2011.261 1.png,,0,,,,
sci278.png,2011 Guo 10.1109:TVCG.2011.261 2.png,,0,,,,
sci279.png,2011 Kasten 10.1109:TVCG.2011.249 1.png,,0,,,,
sci280.png,2011 Kasten 10.1109:TVCG.2011.249 2.png,,0,,,,
sci281.png,2011 Kasten 10.1109:TVCG.2011.249 3.png,,0,,,,
sci282.png,2011 Kasten 10.1109:TVCG.2011.249 4.png,,0,,,,
sci283.png,2011 Khlebnikov 10.1109:TVCG.2011.184 1.png,,0,,,,
sci284.png,2011 Khlebnikov 10.1109:TVCG.2011.184 2.png,,0,,,,
sci285.png,2011 Khlebnikov 10.1109:TVCG.2011.184 3.png,,0,,,,
sci286.png,2011 Koehler 10.1109:TVCG.2011.260 1.png,,0,,,,
sci287.png,2011 Koehler 10.1109:TVCG.2011.260 2.png,,0,,,,
sci288.png,2011 Koehler 10.1109:TVCG.2011.260 3.png,,0,,,,
sci289.png,2011 Koehler 10.1109:TVCG.2011.260 4.png,,1,,,,
sci290.png,2011 Koehler 10.1109:TVCG.2011.260 5.png,,0,,,,
sci291.png,2011 Lehmann 10.1109:TVCG.2011.200 1.png,,0,,,,
sci292.png,2011 Lehmann 10.1109:TVCG.2011.200 2.png,,0,,,,
sci293.png,2011 Lindow 10.1109:TVCG.2011.259 1.png,,0,,,,
sci294.png,2011 Lindow 10.1109:TVCG.2011.259 2.png,,1,,,,
sci295.png,2011 Lindow 10.1109:TVCG.2011.259 3.png,,0,,,,
sci296.png,2011 Lindow 10.1109:TVCG.2011.259 4.png,,0,,,,
sci297.png,2011 Lipsa 10.1109:TVCG.2011.204 1.png,,0,,,,
sci298.png,2011 Lipsa 10.1109:TVCG.2011.204 2.png,,0,,,,
sci299.png,2011 Lipsa 10.1109:TVCG.2011.204 3.png,,0,,,,
sci300.png,2011 Lipsa 10.1109:TVCG.2011.204 4.png,,0,,,,
sci301.png,2011 Marino 10.1109:TVCG.2011.182 1.png,,0,,,,
sci302.png,2011 Marino 10.1109:TVCG.2011.182 2.png,,0,,,,
sci303.png,2011 Mirzargar 10.1109:TVCG.2011.230 1.png,,1,,,,
sci304.png,2011 Mirzargar 10.1109:TVCG.2011.230 2.png,,0,,,,
sci305.png,2011 Mirzargar 10.1109:TVCG.2011.230 3.png,,0,,,,
sci306.png,2011 Mirzargar 10.1109:TVCG.2011.230 4.png,,0,,,,
sci307.png,2011 Moran 10.1109:TVCG.2011.252.png,,0,,,,
sci308.png,2011 Muigg 10.1109:TVCG.2011.216.png,,0,,,,
sci309.png,2011 Nelson 10.1109:TVCG.2011.206 .png,,0,,,,
sci310.png,2011 Nouanesengsy 10.1109:TVCG.2011.219 1.png,,0,,,,
sci311.png,2011 Nouanesengsy 10.1109:TVCG.2011.219 2.png,,0,,,,
sci312.png,2011 Nouanesengsy 10.1109:TVCG.2011.219 3.png,,1,,,,
sci313.png,2011 Nouanesengsy 10.1109:TVCG.2011.219 4.png,,0,,,,
sci314.png,2011 Palke 10.1109:TVCG.2011.170 1.png,,0,,,,
sci315.png,2011 Palke 10.1109:TVCG.2011.170 2.png,,0,,,,
sci316.png,2011 Palke 10.1109:TVCG.2011.170 3.png,,0,,,,
sci317.png,2011 Palke 10.1109:TVCG.2011.170 4.png,,0,,,,
sci318.png,2011 Palke 10.1109:TVCG.2011.170 5.png,,0,,,,
sci319.png,2011 Pelt 10.1109:TVCG.2011.215 1.png,,0,,,,
sci320.png,2011 Pelt 10.1109:TVCG.2011.215 2.png,,0,,,,
sci321.png,2011 Pelt 10.1109:TVCG.2011.215 3.png,,0,,,,
sci322.png,2011 Reininghaus 10.1109:TVCG.2011.159 1.png,,0,,,,
sci323.png,2011 Reininghaus 10.1109:TVCG.2011.159 2.png,,0,,,,
sci324.png,2011 Reininghaus 10.1109:TVCG.2011.159 3.png,,0,,,,
sci325.png,2011 Reininghaus 10.1109:TVCG.2011.159 4.png,,1,,,,
sci326.png,2011 Rieder 10.1109:TVCG.2011.207 1.png,,0,,,,
sci327.png,2011 Rieder 10.1109:TVCG.2011.207 2.png,,0,,,,
sci328.png,2011 Rieder 10.1109:TVCG.2011.207 3.png,,1,,,,
sci329.png,2011 Ruiz 10.1109:TVCG.2011.173 1.png,,0,,,,
sci330.png,2011 Ruiz 10.1109:TVCG.2011.173 2.png,,1,,,,
sci331.png,2011 Schlegel 10.1109:TVCG.2011.198 1.png,,0,,,,
sci332.png,2011 Schlegel 10.1109:TVCG.2011.198 2.png,,0,,,,
sci333.png,2011 Schlegel 10.1109:TVCG.2011.198 3.png,,1,,,,
sci334.png,2011 Schlegel 10.1109:TVCG.2011.198 4.png,,1,,,,
sci335.png,2011 Schlegel 10.1109:TVCG.2011.198 5.png,,0,,,,
sci336.png,2011 Schlegel 10.1109:TVCG.2011.198 6.png,,0,,,,
sci337.png,2011 Schlegel 10.1109:TVCG.2011.198 7.png,,0,,,,
sci338.png,2011 Suter 10.1109:TVCG.2011.214 1.png,,0,,,,
sci339.png,2011 Suter 10.1109:TVCG.2011.214 2.png,,0,,,,
sci340.png,2011 Tricoche 10.1109:TVCG.2011.254 1.png,,0,,,,
sci341.png,2011 Tricoche 10.1109:TVCG.2011.254 2.png,,0,,,,
sci342.png,2011 Tricoche 10.1109:TVCG.2011.254 3.png,,0,,,,
sci343.png,2011 Tricoche 10.1109:TVCG.2011.254 4.png,,0,,,,
sci344.png,2011 Tricoche 10.1109:TVCG.2011.254 5.png,,0,,,,
sci345.png,2011 Williams 10.1109:TVCG.2011.162 1.png,,0,,,,
sci346.png,2011 Williams 10.1109:TVCG.2011.162 2.png,,0,,,,
sci347.png,2011 Williams 10.1109:TVCG.2011.162 4.png,,0,,,,
sci348.png,2011 Williams 10.1109:TVCG.2011.162 5.png,,0,,,,
sci349.png,2011 Zou 10.1109:TVCG.2011.171 1.png,,0,,,,
sci350.png,2011 Zou 10.1109:TVCG.2011.171 2.png,,0,,,,
sci351.png,2012 Barakat 10.1109:TVCG.2012.269 1.png,,0,,,,
sci352.png,2012 Barakat 10.1109:TVCG.2012.269 2.png,,0,,,,
sci353.png,2012 Barakat 10.1109:TVCG.2012.269 3.png,,0,,,,
sci354.png,2012 Barakat 10.1109:TVCG.2012.269 4.png,,0,,,,
sci355.png,2012 Barakat 10.1109:TVCG.2012.269 5.png,,0,,,,
sci356.png,2012 Barakat 10.1109:TVCG.2012.269 6.png,,0,,,,
sci357.png,2012 Bock 10.1109:TVCG.2012.206 1.png,,0,,,,
sci358.png,2012 Bock 10.1109:TVCG.2012.206 2.png,,0,,,,
sci359.png,2012 Bock 10.1109:TVCG.2012.206 3.png,,1,,,,
sci360.png,2012 Bock 10.1109:TVCG.2012.206 4.png,,0,,,,
sci361.png,2012 Bock 10.1109:TVCG.2012.206 5.png,,0,,,,
sci362.png,2012 Bock 10.1109:TVCG.2012.206 6.png,,0,,,,
sci363.png,2012 Bock 10.1109:TVCG.2012.206 7.png,,0,,,,
sci364.png,2012 Bock 10.1109:TVCG.2012.206 8.png,,0,,,,
sci365.png,2012 Duke 10.1109:TVCG.2012.287 1.png,,0,,,,
sci366.png,2012 Duke 10.1109:TVCG.2012.287 2.png,,0,,,,
sci367.png,2012 Fout 10.1109:TVCG.2012.194 1.png,,0,,,,
sci368.png,2012 Fout 10.1109:TVCG.2012.194 2.png,,0,,,,
sci369.png,2012 Fout 10.1109:TVCG.2012.227 .png,,0,,,,
sci370.png,2012 Frey 10.1109:TVCG.2012.284 1.png,,0,,,,
sci371.png,2012 Frey 10.1109:TVCG.2012.284 2.png,,0,,,,
sci372.png,2012 Frey 10.1109:TVCG.2012.284 3.png,,0,,,,
sci373.png,2012 Gasteiger 10.1109:TVCG.2012.202 1.png,,0,,,,
sci374.png,2012 Gasteiger 10.1109:TVCG.2012.202 2.png,,0,,,,
sci375.png,2012 Gasteiger 10.1109:TVCG.2012.202 3.png,,0,,,,
sci376.png,2012 Gasteiger 10.1109:TVCG.2012.202 4.png,,0,,,,
sci377.png,2012 Gasteiger 10.1109:TVCG.2012.202 5.png,,0,,,,
sci378.png,2012 Grottel 10.1109:TVCG.2012.282 1.png,,0,,,,
sci379.png,2012 Grottel 10.1109:TVCG.2012.282 2.png,,0,,,,
sci380.png,2012 Grottel 10.1109:TVCG.2012.282 3.png,,1,,,,
sci381.png,2012 Grottel 10.1109:TVCG.2012.282 4.png,,0,,,,
sci382.png,2012 Grottel 10.1109:TVCG.2012.282 5.png,,0,,,,
sci383.png,2012 Grottel 10.1109:TVCG.2012.282 6.png,,1,,,,
sci384.png,2012 Gurijala 10.1109:TVCG.2012.210 1.png,,0,,,,
sci385.png,2012 Gurijala 10.1109:TVCG.2012.210 2.png,,0,,,,
sci386.png,2012 Gurijala 10.1109:TVCG.2012.210 3.png,,0,,,,
sci387.png,2012 Gurijala 10.1109:TVCG.2012.210 4.png,,0,,,,
sci388.png,2012 Gurijala 10.1109:TVCG.2012.210 5.png,,1,,,,
sci389.png,2012 Gyulassy 10.1109:TVCG.2012.209 1.png,,1,,,,
sci390.png,2012 Gyulassy 10.1109:TVCG.2012.209 2.png,,1,,,,
sci391.png,2012 Gyulassy 10.1109:TVCG.2012.209 3.png,,1,,,,
sci392.png,2012 Gyulassy 10.1109:TVCG.2012.209 4.png,,0,,,,
sci393.png,2012 Gyulassy 10.1109:TVCG.2012.209 5.png,,0,,,,
sci394.png,2012 HoÃÂÃÂÃÂÃÂ llt 10.1109:TVCG.2012.259 1.png,,1,,,,
sci395.png,2012 HoÃÂÃÂÃÂÃÂ llt 10.1109:TVCG.2012.259 2.png,,1,,,,
sci396.png,2012 HoÃÂÃÂÃÂÃÂ llt 10.1109:TVCG.2012.259 3.png,,0,,,,
sci397.png,2012 HoÃÂÃÂÃÂÃÂ llt 10.1109:TVCG.2012.259 4.png,,1,,,,
sci398.png,2012 HoÃÂÃÂÃÂÃÂ llt 10.1109:TVCG.2012.259 5.png,,0,,,,
sci399.png,2012 HoÃÂÃÂÃÂÃÂ llt 10.1109:TVCG.2012.259 6.png,,1,,,,
sci400.png,2012 Ip 10.1109:TVCG.2012.231.png,,0,,,,
sci401.png,2012 JoÃÂÃÂÃÂÃÂ nsson 10.1109:TVCG.2012.232 1.png,,0,,,,
sci402.png,2012 JoÃÂÃÂÃÂÃÂ nsson 10.1109:TVCG.2012.232 2.png,,0,,,,
sci403.png,2012 JoÃÂÃÂÃÂÃÂ nsson 10.1109:TVCG.2012.232 3.png,,1,,,,
sci404.png,2012 KaÃÂÃÂÃÂÃÂ hler 10.1109:TVCG.2012.187 1.png,,0,,,,
sci405.png,2012 KaÃÂÃÂÃÂÃÂ hler 10.1109:TVCG.2012.187 2.png,,1,,,,
sci406.png,2012 Kuehne 10.1109:TVCG.2012.186 1.png,,0,,,,
sci407.png,2012 Kuehne 10.1109:TVCG.2012.186 2.png,,0,,,,
sci408.png,2012 LaÃÂÃÂÃÂÃÂ theÃÂÃÂÃÂÃÂn 10.1109:TVCG.2012.203 1.png,,0,,,,
sci409.png,2012 LaÃÂÃÂÃÂÃÂ theÃÂÃÂÃÂÃÂn 10.1109:TVCG.2012.203 2.png,,0,,,,
sci410.png,2012 LaÃÂÃÂÃÂÃÂ theÃÂÃÂÃÂÃÂn 10.1109:TVCG.2012.203 3.png,,0,,,,
sci411.png,2012 LaÃÂÃÂÃÂÃÂ theÃÂÃÂÃÂÃÂn 10.1109:TVCG.2012.203 5.png,,1,,,,
sci412.png,2012 Meyer 10.1109:TVCG.2012.278 1.png,,0,,,,
sci413.png,2012 Meyer 10.1109:TVCG.2012.278 2.png,,0,,,,
sci414.png,2012 Meyer 10.1109:TVCG.2012.278 3.png,,0,,,,
sci415.png,2012 Nelson 10.1109:TVCG.2012.218 1.png,,0,,,,
sci416.png,2012 Nelson 10.1109:TVCG.2012.218 2.png,,0,,,,
sci417.png,2012 Nelson 10.1109:TVCG.2012.218 3.png,,0,,,,
sci418.png,2012 Nelson 10.1109:TVCG.2012.218 4.png,,1,,,,
sci419.png,2012 Obermaier 10.1109:TVCG.2012.211 1.png,,1,,,,
sci420.png,2012 Obermaier 10.1109:TVCG.2012.211 10.png,,0,,,,
sci421.png,2012 Obermaier 10.1109:TVCG.2012.211 11.png,,0,,,,
sci422.png,2012 Obermaier 10.1109:TVCG.2012.211 2.png,,0,,,,
sci423.png,2012 Obermaier 10.1109:TVCG.2012.211 3.png,,0,,,,
sci424.png,2012 Obermaier 10.1109:TVCG.2012.211 4.png,,1,,,,
sci425.png,2012 Obermaier 10.1109:TVCG.2012.211 5.png,,0,,,,
sci426.png,2012 Obermaier 10.1109:TVCG.2012.211 6.png,,0,,,,
sci427.png,2012 Obermaier 10.1109:TVCG.2012.211 7.png,,0,,,,
sci428.png,2012 Obermaier 10.1109:TVCG.2012.211 8.png,,0,,,,
sci429.png,2012 Obermaier 10.1109:TVCG.2012.211 9.png,,1,,,,
sci430.png,2012 Reich 10.1109:TVCG.2012.198 1.png,,0,,,,
sci431.png,2012 Reich 10.1109:TVCG.2012.198 2.png,,0,,,,
sci432.png,2012 Ribicic 10.1109:TVCG.2012.261 1.png,,1,,,,
sci433.png,2012 Ribicic 10.1109:TVCG.2012.261 2.png,,0,,,,
sci434.png,2012 Ribicic 10.1109:TVCG.2012.261 3.png,,0,,,,
sci435.png,2012 Ribicic 10.1109:TVCG.2012.261 4.png,,0,,,,
sci436.png,2012 Rieck 10.1109:TVCG.2012.248.png,,1,,,,
sci437.png,2012 Schindler 10.1109:TVCG.2012.243 1.png,,0,,,,
sci438.png,2012 Schindler 10.1109:TVCG.2012.243 2.png,,0,,,,
sci439.png,2012 Schindler 10.1109:TVCG.2012.243 3.png,,0,,,,
sci440.png,2012 Schindler 10.1109:TVCG.2012.243 4.png,,1,,,,
sci441.png,2012 Schindler 10.1109:TVCG.2012.243 5.png,,0,,,,
sci442.png,2012 Schlegel 10.1109:TVCG.2012.249.png,,0,,,,
sci443.png,2012 SchroÃÂÃÂÃÂÃÂ der 10.1109:TVCG.2012.283 1.png,,0,,,,
sci444.png,2012 SchroÃÂÃÂÃÂÃÂ der 10.1109:TVCG.2012.283 2.png,,1,,,,
sci445.png,2012 SolteÃÂÃÂÃÂÃÂszovaÃÂÃÂÃÂÃÂ 10.1109:TVCG.2012.188 1.png,,0,,,,
sci446.png,2012 SolteÃÂÃÂÃÂÃÂszovaÃÂÃÂÃÂÃÂ 10.1109:TVCG.2012.188 2.png,,0,,,,
sci447.png,2012 Tao 10.1109:TVCG.2012.267 1.png,,1,,,,
sci448.png,2012 Tao 10.1109:TVCG.2012.267 2.png,,0,,,,
sci449.png,2012 Tao 10.1109:TVCG.2012.267 3.png,,1,,,,
sci450.png,2012 Tao 10.1109:TVCG.2012.267 4.png,,0,,,,
sci451.png,2012 Treib 10.1109:TVCG.2012.274 1.png,,0,,,,
sci452.png,2012 Treib 10.1109:TVCG.2012.274 2.png,,0,,,,
sci453.png,2012 Treib 10.1109:TVCG.2012.274 3.png,,0,,,,
sci454.png,2012 Treib 10.1109:TVCG.2012.274 4.png,,1,,,,
sci455.png,2012 Treib 10.1109:TVCG.2012.274 5.png,,0,,,,
sci456.png,2012 Treib 10.1109:TVCG.2012.274 6.png,,0,,,,
sci457.png,2012 Treib 10.1109:TVCG.2012.274 7.png,,0,,,,
sci458.png,2012 Treib 10.1109:TVCG.2012.274 8.png,,0,,,,
sci459.png,2012 Treib 10.1109:TVCG.2012.274 9.png,,1,,,,
sci460.png,2012 Ushizima 10.1109:TVCG.2012.200 1.png,,0,,,,
sci461.png,2012 Ushizima 10.1109:TVCG.2012.200 2.png,,0,,,,
sci462.png,2012 Ushizima 10.1109:TVCG.2012.200 3.png,,1,,,,
sci463.png,2012 Ushizima 10.1109:TVCG.2012.200 4.png,,0,,,,
sci464.png,2012 Ushizima 10.1109:TVCG.2012.200 5.png,,0,,,,
sci465.png,2012 Ushizima 10.1109:TVCG.2012.200 6.png,,0,,,,
sci466.png,2012 Ushizima 10.1109:TVCG.2012.200 7.png,,1,,,,
sci467.png,2012 Ushizima 10.1109:TVCG.2012.200 8.png,,0,,,,
sci468.png,2012 Ushizima 10.1109:TVCG.2012.200 9.png,,0,,,,
sci469.png,2012 Westerteiger 10.1109:TVCG.2012.239 1.png,,0,,,,
sci470.png,2012 Westerteiger 10.1109:TVCG.2012.239 2.png,,0,,,,
sci471.png,2012 Westerteiger 10.1109:TVCG.2012.239 3.png,,0,,,,
sci472.png,2012 Wiebel 10.1109:TVCG.2012.292 1.png,,0,,,,
sci473.png,2012 Wiebel 10.1109:TVCG.2012.292 2.png,,0,,,,
sci474.png,2012 Wiebel 10.1109:TVCG.2012.292 3.png,,0,,,,
sci475.png,2012 Yu 10.1109:TVCG.2012.217 1.png,,1,,,,
sci476.png,2012 Yu 10.1109:TVCG.2012.217 2.png,,0,,,,
sci477.png,2012 Yu 10.1109:TVCG.2012.217 3.png,,0,,,,
sci478.png,2012 Yu 10.1109:TVCG.2012.217 4.png,,0,,,,
sci479.png,2013 Athawale 10.1109:TVCG.2013.208 12.png,,0,,,,
sci480.png,2013 Athawale 10.1109:TVCG.2013.208 14.png,,0,,,,
sci481.png,2013 Athawale 10.1109:TVCG.2013.208 8.png,,0,,,,
sci482.png,2013 Athawale 10.1109:TVCG.2013.208 9.png,,0,,,,
sci483.png,2013 Auzinger 10.1109:TVCG.2013.215 1.png,,1,,,,
sci484.png,2013 Auzinger 10.1109:TVCG.2013.215 2.png,,0,,,,
sci485.png,2013 Auzinger 10.1109:TVCG.2013.215 3.png,,0,,,,
sci486.png,2013 Auzinger 10.1109:TVCG.2013.215 5.png,,0,,,,
sci487.png,2013 Auzinger 10.1109:TVCG.2013.215 6.png,,0,,,,
sci488.png,2013 Auzinger 10.1109:TVCG.2013.215 8.png,,0,,,,
sci489.png,2013 Auzinger 10.1109:TVCG.2013.215 9.png,,0,,,,
sci490.png,2013 Barakat 10.1109:TVCG.2013.128 1.png,,0,,,,
sci491.png,2013 Barakat 10.1109:TVCG.2013.128 10.png,,0,,,,
sci492.png,2013 Barakat 10.1109:TVCG.2013.128 14.png,,0,,,,
sci493.png,2013 Barakat 10.1109:TVCG.2013.128 2.png,,0,,,,
sci494.png,2013 Barakat 10.1109:TVCG.2013.128 3.png,,0,,,,
sci495.png,2013 Barakat 10.1109:TVCG.2013.128 4.png,,0,,,,
sci496.png,2013 Barakat 10.1109:TVCG.2013.128 5.png,,0,,,,
sci497.png,2013 Barakat 10.1109:TVCG.2013.128 6.png,,0,,,,
sci498.png,2013 Barakat 10.1109:TVCG.2013.128 7.png,,0,,,,
sci499.png,2013 Beyer 10.1109:TVCG.2013.142 1.png,,1,,,,
sci500.png,2013 Coffey 10.1109:TVCG.2013.147 7.png,,0,,,,
sci501.png,2013 Doraiswamy 10.1109:TVCG.2013.131 3.png,,1,,,,
sci502.png,2013 Ehlke 10.1109:TVCG.2013.159 1.png,,0,,,,
sci503.png,2013 Ehlke 10.1109:TVCG.2013.159 6.png,,0,,,,
sci504.png,2013 Gosink 10.1109:TVCG.2013.138 10.png,,0,,,,
sci505.png,2013 Gosink 10.1109:TVCG.2013.138 11.png,,1,,,,
sci506.png,2013 Gosink 10.1109:TVCG.2013.138 5.png,,0,,,,
sci507.png,2013 Guo 10.1109:TVCG.2013.144 3.png,,0,,,,
sci508.png,2013 Guo 10.1109:TVCG.2013.144 7.png,,0,,,,
sci509.png,2013 Guo 10.1109:TVCG.2013.144 8.png,,0,,,,
sci510.png,2013 Guo 10.1109:TVCG.2013.144 9.png,,0,,,,
sci511.png,2013 Gurijala 10.1109:TVCG.2013.139 2.png,,0,,,,
sci512.png,2013 Gurijala 10.1109:TVCG.2013.139 3.png,,0,,,,
sci513.png,2013 Gurijala 10.1109:TVCG.2013.139 4.png,,0,,,,
sci514.png,2013 Hsu 10.1109:TVCG.2013.123 10.png,,0,,,,
sci515.png,2013 Hsu 10.1109:TVCG.2013.123 2.png,,0,,,,
sci516.png,2013 Hsu 10.1109:TVCG.2013.123 4.png,,0,,,,
sci517.png,2013 Hsu 10.1109:TVCG.2013.123 5.png,,0,,,,
sci518.png,2013 Hsu 10.1109:TVCG.2013.123 6.png,,0,,,,
sci519.png,2013 Hsu 10.1109:TVCG.2013.123 8.png,,0,,,,
sci520.png,2013 Hummel 10.1109:TVCG.2013.141 7.png,,0,,,,
sci521.png,2013 Hummel 10.1109:TVCG.2013.141 8.png,,0,,,,
sci522.png,2013 Hummel 10.1109:TVCG.2013.141 9.png,,0,,,,
sci523.png,2013 Jackson 10.1109:TVCG.2013.121 1.png,,0,,,,
sci524.png,2013 Jackson 10.1109:TVCG.2013.121 3.png,,0,,,,
sci525.png,2013 Khlebnikov 10.1109:TVCG.2013.180 1.png,,1,,,,
sci526.png,2013 Khlebnikov 10.1109:TVCG.2013.180 10.png,,0,,,,
sci527.png,2013 Khlebnikov 10.1109:TVCG.2013.180 3.png,,0,,,,
sci528.png,2013 Khlebnikov 10.1109:TVCG.2013.180 8.png,,0,,,,
sci529.png,2013 Khlebnikov 10.1109:TVCG.2013.180 9.png,,1,,,,
sci530.png,2013 KoÃÂÃÂÃÂÃÂ hler 10.1109:TVCG.2013.189 1.png,,0,,,,
sci531.png,2013 KoÃÂÃÂÃÂÃÂ hler 10.1109:TVCG.2013.189 5.png,,0,,,,
sci532.png,2013 KoÃÂÃÂÃÂÃÂ hler 10.1109:TVCG.2013.189 6.png,,1,,,,
sci533.png,2013 KoÃÂÃÂÃÂÃÂ hler 10.1109:TVCG.2013.189 7.png,,0,,,,
sci534.png,2013 Kretschmer 10.1109:TVCG.2013.169 1.png,,0,,,,
sci535.png,2013 Kretschmer 10.1109:TVCG.2013.169 10.png,,0,,,,
sci536.png,2013 Kretschmer 10.1109:TVCG.2013.169 11.png,,0,,,,
sci537.png,2013 Kretschmer 10.1109:TVCG.2013.169 12.png,,0,,,,
sci538.png,2013 Kretschmer 10.1109:TVCG.2013.169 2.png,,1,,,,
sci539.png,2013 Kretschmer 10.1109:TVCG.2013.169 3.png,,0,,,,
sci540.png,2013 Kretschmer 10.1109:TVCG.2013.169 4.png,,0,,,,
sci541.png,2013 Kretschmer 10.1109:TVCG.2013.169 5.png,,0,,,,
sci542.png,2013 Kretschmer 10.1109:TVCG.2013.169 6.png,,0,,,,
sci543.png,2013 Kretschmer 10.1109:TVCG.2013.169 7.png,,1,,,,
sci544.png,2013 Kretschmer 10.1109:TVCG.2013.169 8.png,,1,,,,
sci545.png,2013 Kretschmer 10.1109:TVCG.2013.169 9.png,,0,,,,
sci546.png,2013 Lee 10.1109:TVCG.2013.152 8.png,,0,,,,
sci547.png,2013 Parulek 10.1109:TVCG.2013.158 1.png,,0,,,,
sci548.png,2013 Parulek 10.1109:TVCG.2013.158 2.png,,0,,,,
sci549.png,2013 Parulek 10.1109:TVCG.2013.158 3.png,,0,,,,
sci550.png,2013 Parulek 10.1109:TVCG.2013.158 4.png,,0,,,,
sci551.png,2013 Szymczak 10.1109:TVCG.2013.229 10.png,,1,,,,
sci552.png,2013 Szymczak 10.1109:TVCG.2013.229 18.png,,1,,,,
sci553.png,2013 Szymczak 10.1109:TVCG.2013.229 9.png,,0,,,,
sci554.png,2013 Thomas 10.1109:TVCG.2013.148 1.png,,0,,,,
sci555.png,2013 Thomas 10.1109:TVCG.2013.148 2.png,,0,,,,
sci556.png,2013 Thomas 10.1109:TVCG.2013.148 3.png,,0,,,,
sci557.png,2013 Thomas 10.1109:TVCG.2013.148 4.png,,1,,,,
sci558.png,2013 Thomas 10.1109:TVCG.2013.148 5.png,,1,,,,
sci559.png,2013 Thomas 10.1109:TVCG.2013.148 6.png,,1,,,,
sci560.png,2013 Whitaker 10.1109:TVCG.2013.143 1.png,,0,,,,
sci561.png,2013 Whitaker 10.1109:TVCG.2013.143 5.png,,0,,,,
sci562.png,2013 Whitaker 10.1109:TVCG.2013.143 8.png,,0,,,,
sci563.png,2013 Zhang 10.1109:TVCG.2013.172 1.png,,0,,,,
sci564.png,2013 Zhang 10.1109:TVCG.2013.172 10.png,,0,,,,
sci565.png,2013 Zhang 10.1109:TVCG.2013.172 11.png,,0,,,,
sci566.png,2013 Zhang 10.1109:TVCG.2013.172 12.png,,0,,,,
sci567.png,2013 Zhang 10.1109:TVCG.2013.172 15.png,,0,,,,
sci568.png,2013 Zhang 10.1109:TVCG.2013.172 2.png,,0,,,,
sci569.png,2013 Zhang 10.1109:TVCG.2013.172 3.png,,0,,,,
sci570.png,2013 Zhang 10.1109:TVCG.2013.172 5.png,,1,,,,
sci571.png,2013 Zhang 10.1109:TVCG.2013.172 7.png,,0,,,,
sci572.png,2013 Zhang 10.1109:TVCG.2013.172 8.png,,0,,,,
sci573.png,2013 Zhao 10.1109:TVCG.2013.135 1.png,,0,,,,
sci574.png,2013 Zhao 10.1109:TVCG.2013.135 2.png,,0,,,,
sci575.png,2013 Zhao 10.1109:TVCG.2013.135 3.png,,0,,,,
sci576.png,2013 Zhao 10.1109:TVCG.2013.135 5.png,,0,,,,
sci577.png,2013 Zhao 10.1109:TVCG.2013.135 8.png,,0,,,,
sci578.png,2013 Zhao 10.1109:TVCG.2013.135 9.png,,1,,,,
sci579.png,2014 Ament 10.1109:TVCG.2014.2346333 1.png,,0,,,,
sci580.png,2014 Ament 10.1109:TVCG.2014.2346333 6.png,,0,,,,
sci581.png,2014 Ament 10.1109:TVCG.2014.2346333 7.png,,0,,,,
sci582.png,2014 Ament 10.1109:TVCG.2014.2346333 8.png,,1,,,,
sci583.png,2014 Berge 10.1109:TVCG.2014.2346317 1.png,,1,,,,
sci584.png,2014 Berge 10.1109:TVCG.2014.2346317 11.png,,1,,,,
sci585.png,2014 Berge 10.1109:TVCG.2014.2346317 2.png,,0,,,,
sci586.png,2014 Berge 10.1109:TVCG.2014.2346317 6.png,,0,,,,
sci587.png,2014 Berge 10.1109:TVCG.2014.2346317 7.png,,1,,,,
sci588.png,2014 Berge 10.1109:TVCG.2014.2346317 8.png,,0,,,,
sci589.png,2014 Berge 10.1109:TVCG.2014.2346317 9.png,,1,,,,
sci590.png,2014 Bista 10.1109:TVCG.2014.2346411 1.png,,0,,,,
sci591.png,2014 Bista 10.1109:TVCG.2014.2346411 2.png,,0,,,,
sci592.png,2014 Born 10.1109:TVCG.2014.2346459 1.png,,0,,,,
sci593.png,2014 Born 10.1109:TVCG.2014.2346459 5.png,,1,,,,
sci594.png,2014 Born 10.1109:TVCG.2014.2346459 6.png,,0,,,,
sci595.png,2014 Born 10.1109:TVCG.2014.2346459 7.png,,0,,,,
sci596.png,2014 Born 10.1109:TVCG.2014.2346459 8.png,,0,,,,
sci597.png,2014 Born 10.1109:TVCG.2014.2346459 9.png,,0,,,,
sci598.png,2014 Choi 10.1109:TVCG.2014.2346322 1.png,,0,,,,
sci599.png,2014 Frey 10.1109:TVCG.2014.2346319 6.png,,1,,,,
sci600.png,2014 Frey 10.1109:TVCG.2014.2346319 8.png,,0,,,,
sci601.png,2014 GlaÃÂ¢ÃÂÃÂÃÂÃÂ¼er 10.1109:TVCG.2014.2346406 10.png,,1,,,,
sci602.png,2014 GlaÃÂ¢ÃÂÃÂÃÂÃÂ¼er 10.1109:TVCG.2014.2346406 14.png,,1,,,,
sci603.png,2014 Guo 10.1109:TVCG.2014.2346418 11.png,,0,,,,
sci604.png,2014 Guo 10.1109:TVCG.2014.2346418 3.png,,0,,,,
sci605.png,2014 Guo 10.1109:TVCG.2014.2346418 6.png,,0,,,,
sci606.png,2014 GuÃÂÃÂÃÂÃÂ nther 10.1109:TVCG.2014.2346403 1.png,,0,,,,
sci607.png,2014 GuÃÂÃÂÃÂÃÂ nther 10.1109:TVCG.2014.2346403 11.png,,0,,,,
sci608.png,2014 GuÃÂÃÂÃÂÃÂ nther 10.1109:TVCG.2014.2346403 12.png,,0,,,,
sci609.png,2014 GuÃÂÃÂÃÂÃÂ nther 10.1109:TVCG.2014.2346403 2.png,,0,,,,
sci610.png,2014 GuÃÂÃÂÃÂÃÂ nther 10.1109:TVCG.2014.2346403 3.png,,1,,,,
sci611.png,2014 GuÃÂÃÂÃÂÃÂ nther 10.1109:TVCG.2014.2346403 4.png,,0,,,,
sci612.png,2014 GuÃÂÃÂÃÂÃÂ nther 10.1109:TVCG.2014.2346403 5.png,,0,,,,
sci613.png,2014 GuÃÂÃÂÃÂÃÂ nther 10.1109:TVCG.2014.2346403 6.png,,1,,,,
sci614.png,2014 GuÃÂÃÂÃÂÃÂ nther 10.1109:TVCG.2014.2346403 8.png,,0,,,,
sci615.png,2014 GuÃÂÃÂÃÂÃÂ nther 10.1109:TVCG.2014.2346415 1.png,,0,,,,
sci616.png,2014 GuÃÂÃÂÃÂÃÂ nther 10.1109:TVCG.2014.2346415 13.png,,0,,,,
sci617.png,2014 GuÃÂÃÂÃÂÃÂ nther 10.1109:TVCG.2014.2346415 14.png,,1,,,,
sci618.png,2014 GuÃÂÃÂÃÂÃÂ nther 10.1109:TVCG.2014.2346415 15.png,,1,,,,
sci619.png,2014 GuÃÂÃÂÃÂÃÂ nther 10.1109:TVCG.2014.2346415 16.png,,1,,,,
sci620.png,2014 GuÃÂÃÂÃÂÃÂ nther 10.1109:TVCG.2014.2346415 17.png,,1,,,,
sci621.png,2014 GuÃÂÃÂÃÂÃÂ nther 10.1109:TVCG.2014.2346415 18.png,,0,,,,
sci622.png,2014 GuÃÂÃÂÃÂÃÂ nther 10.1109:TVCG.2014.2346415 19.png,,0,,,,
sci623.png,2014 GuÃÂÃÂÃÂÃÂ nther 10.1109:TVCG.2014.2346415 2.png,,0,,,,
sci624.png,2014 GuÃÂÃÂÃÂÃÂ nther 10.1109:TVCG.2014.2346415 20.png,,0,,,,
sci625.png,2014 GuÃÂÃÂÃÂÃÂ nther 10.1109:TVCG.2014.2346415 3.png,,1,,,,
sci626.png,2014 GuÃÂÃÂÃÂÃÂ nther 10.1109:TVCG.2014.2346415 4.png,,0,,,,
sci627.png,2014 GuÃÂÃÂÃÂÃÂ nther 10.1109:TVCG.2014.2346415 5.png,,0,,,,
sci628.png,2014 GuÃÂÃÂÃÂÃÂ nther 10.1109:TVCG.2014.2346415 6.png,,0,,,,
sci629.png,2014 GuÃÂÃÂÃÂÃÂ nther 10.1109:TVCG.2014.2346432 11.png,,0,,,,
sci630.png,2014 GuÃÂÃÂÃÂÃÂ nther 10.1109:TVCG.2014.2346432 12.png,,0,,,,
sci631.png,2014 GuÃÂÃÂÃÂÃÂ nther 10.1109:TVCG.2014.2346432 13.png,,0,,,,
sci632.png,2014 GuÃÂÃÂÃÂÃÂ nther 10.1109:TVCG.2014.2346432 2.png,,0,,,,
sci633.png,2014 GuÃÂÃÂÃÂÃÂ nther 10.1109:TVCG.2014.2346432 3.png,,0,,,,
sci634.png,2014 GuÃÂÃÂÃÂÃÂ nther 10.1109:TVCG.2014.2346432 4.png,,0,,,,
sci635.png,2014 GuÃÂÃÂÃÂÃÂ nther 10.1109:TVCG.2014.2346432 5.png,,0,,,,
sci636.png,2014 GuÃÂÃÂÃÂÃÂ nther 10.1109:TVCG.2014.2346432 6.png,,0,,,,
sci637.png,2014 GuÃÂÃÂÃÂÃÂ nther 10.1109:TVCG.2014.2346432 7.png,,0,,,,
sci638.png,2014 GuÃÂÃÂÃÂÃÂ nther 10.1109:TVCG.2014.2346432 8.png,,1,,,,
sci639.png,2014 Gyulassy 10.1109:TVCG.2014.2346434 1.png,,0,,,,
sci640.png,2014 Gyulassy 10.1109:TVCG.2014.2346434 2.png,,1,,,,
sci641.png,2014 Gyulassy 10.1109:TVCG.2014.2346434 3.png,,0,,,,
sci642.png,2014 Gyulassy 10.1109:TVCG.2014.2346434 4.png,,0,,,,
sci643.png,2014 Gyulassy 10.1109:TVCG.2014.2346434 6.png,,0,,,,
sci644.png,2014 Haehn 10.1109:TVCG.2014.2346371 10.png,,0,,,,
sci645.png,2014 Haehn 10.1109:TVCG.2014.2346371 11.png,,0,,,,
sci646.png,2014 Hong 10.1109:TVCG.2014.2346416 1.png,,0,,,,
sci647.png,2014 Hong 10.1109:TVCG.2014.2346416 2.png,,1,,,,
sci648.png,2014 Hu 10.1109:TVCG.2014.2346457 1.png,,0,,,,
sci649.png,2014 Hu 10.1109:TVCG.2014.2346457 10.png,,0,,,,
sci650.png,2014 Hu 10.1109:TVCG.2014.2346457 11.png,,0,,,,
sci651.png,2014 Hu 10.1109:TVCG.2014.2346457 12.png,,1,,,,
sci652.png,2014 Hu 10.1109:TVCG.2014.2346457 2.png,,0,,,,
sci653.png,2014 Hu 10.1109:TVCG.2014.2346457 7.png,,0,,,,
sci654.png,2014 Hu 10.1109:TVCG.2014.2346457 8.png,,0,,,,
sci655.png,2014 Hu 10.1109:TVCG.2014.2346457 9.png,,1,,,,
sci656.png,2014 Ju 10.1109:TVCG.2014.2346412 1.png,,0,,,,
sci657.png,2014 Ju 10.1109:TVCG.2014.2346412 2.png,,1,,,,
sci658.png,2014 Ju 10.1109:TVCG.2014.2346412 3.png,,0,,,,
sci659.png,2014 Ju 10.1109:TVCG.2014.2346412 4.png,,0,,,,
sci660.png,2014 Kretschmer 10.1109:TVCG.2014.2346405 1.png,,0,,,,
sci661.png,2014 Kretschmer 10.1109:TVCG.2014.2346405 2.png,,0,,,,
sci662.png,2014 Kretschmer 10.1109:TVCG.2014.2346405 3.png,,0,,,,
sci663.png,2014 Kretschmer 10.1109:TVCG.2014.2346405 4.png,,0,,,,
sci664.png,2014 Kretschmer 10.1109:TVCG.2014.2346405 5.png,,0,,,,
sci665.png,2014 Lindholm 10.1109:TVCG.2014.2346351 1.png,,1,,,,
sci666.png,2014 Lindholm 10.1109:TVCG.2014.2346351 10.png,,0,,,,
sci667.png,2014 Lindholm 10.1109:TVCG.2014.2346351 2.png,,0,,,,
sci668.png,2014 Lindow 10.1109:TVCG.2014.2346404 1.png,,0,,,,
sci669.png,2014 Lindow 10.1109:TVCG.2014.2346404 2.png,,0,,,,
sci670.png,2014 Lindow 10.1109:TVCG.2014.2346404 5.png,,0,,,,
sci671.png,2014 Lindow 10.1109:TVCG.2014.2346404 7.png,,0,,,,
sci672.png,2014 Lindow 10.1109:TVCG.2014.2346404 9.png,,0,,,,
sci673.png,2014 Lindstrom 10.1109:TVCG.2014.2346458 1.png,,0,,,,
sci674.png,2014 Machado 10.1109:TVCG.2014.2346442 1.png,,0,,,,
sci675.png,2014 Machado 10.1109:TVCG.2014.2346442 10.png,,1,,,,
sci676.png,2014 Machado 10.1109:TVCG.2014.2346442 11.png,,0,,,,
sci677.png,2014 Machado 10.1109:TVCG.2014.2346442 2.png,,0,,,,
sci678.png,2014 Machado 10.1109:TVCG.2014.2346442 3.png,,1,,,,
sci679.png,2014 Machado 10.1109:TVCG.2014.2346442 4.png,,0,,,,
sci680.png,2014 Machado 10.1109:TVCG.2014.2346442 6.png,,0,,,,
sci681.png,2014 Machado 10.1109:TVCG.2014.2346442 9.png,,0,,,,
sci682.png,2014 Mirzargar 10.1109:TVCG.2014.2346455 14.png,,0,,,,
sci683.png,2014 Mirzargar 10.1109:TVCG.2014.2346455 15.png,,0,,,,
sci684.png,2014 Mirzargar 10.1109:TVCG.2014.2346455 7.png,,1,,,,
sci685.png,2014 Rautek 10.1109:TVCG.2014.2346318 2.png,,1,,,,
sci686.png,2014 Sauer 10.1109:TVCG.2014.2346423 13.png,,1,,,,
sci687.png,2014 Sauer 10.1109:TVCG.2014.2346423 6.png,,0,,,,
sci688.png,2014 Sauer 10.1109:TVCG.2014.2346423 7.png,,0,,,,
sci689.png,2014 Schroeder 10.1109:TVCG.2014.2346451 11.png,,0,,,,
sci690.png,2014 Sicat 10.1109:TVCG.2014.2346324 4.png,,0,,,,
sci691.png,2014 Sicat 10.1109:TVCG.2014.2346324 7.png,,0,,,,
sci692.png,2014 Sicat 10.1109:TVCG.2014.2346324 8.png,,0,,,,
sci693.png,2014 Thomas 10.1109:TVCG.2014.2346332 1.png,,1,,,,
sci694.png,2014 Thomas 10.1109:TVCG.2014.2346332 2.png,,0,,,,
sci695.png,2014 Thomas 10.1109:TVCG.2014.2346332 3.png,,1,,,,
sci696.png,2014 Thomas 10.1109:TVCG.2014.2346332 4.png,,1,,,,
sci697.png,2014 Wijk 10.1109:TVCG.2014.2352952 1.png,,0,,,,
sci698.png,2014 Wijk 10.1109:TVCG.2014.2352952 2.png,,0,,,,
sci699.png,2014 Wijk 10.1109:TVCG.2014.2352952 3.png,,0,,,,
sci700.png,2014 Wijk 10.1109:TVCG.2014.2352952 4.png,,0,,,,
sci701.png,2014 Wijk 10.1109:TVCG.2014.2352952 5.png,,0,,,,
sci702.png,2014 Wijk 10.1109:TVCG.2014.2352952 6.png,,0,,,,
sci703.png,2015 Abbasloo 10.1109:TVCG.2015.2467031 1.png,,0,,,,
sci704.png,2015 Abbasloo 10.1109:TVCG.2015.2467031 2.png,,1,,,,
sci705.png,2015 Abbasloo 10.1109:TVCG.2015.2467031 3.png,,1,,,,
sci706.png,2015 Ament 10.1109:TVCG.2015.2467963 7.png,,0,,,,
sci707.png,2015 Ament 10.1109:TVCG.2015.2467963 8.png,,0,,,,
sci708.png,2015 Ament 10.1109:TVCG.2015.2467963 9.png,,0,,,,
sci709.png,2015 Athawale 10.1109:TVCG.2015.2467958 1.png,,0,,,,
sci710.png,2015 Athawale 10.1109:TVCG.2015.2467958 2.png,,0,,,,
sci711.png,2015 Athawale 10.1109:TVCG.2015.2467958 3.png,,1,,,,
sci712.png,2015 Athawale 10.1109:TVCG.2015.2467958 4.png,,0,,,,
sci713.png,2015 Athawale 10.1109:TVCG.2015.2467958 5.png,,0,,,,
sci714.png,2015 Bock 10.1109:SciVis.2015.7429487 1.png,,0,,,,
sci715.png,2015 Bock 10.1109:SciVis.2015.7429487 12.png,,0,,,,
sci716.png,2015 Bock 10.1109:SciVis.2015.7429487 13.png,,0,,,,
sci717.png,2015 Bock 10.1109:SciVis.2015.7429487 2.png,,1,,,,
sci718.png,2015 Bock 10.1109:SciVis.2015.7429487 5.png,,0,,,,
sci719.png,2015 Bock 10.1109:SciVis.2015.7429487 6.png,,0,,,,
sci720.png,2015 Bock 10.1109:SciVis.2015.7429487 7.png,,0,,,,
sci721.png,2015 Bock 10.1109:SciVis.2015.7429487 8.png,,0,,,,
sci722.png,2015 Butkiewicz 10.1109:TVCG.2015.2467962 1.png,,0,,,,
sci723.png,2015 Butkiewicz 10.1109:TVCG.2015.2467962 10.png,,1,,,,
sci724.png,2015 Butkiewicz 10.1109:TVCG.2015.2467962 11.png,,0,,,,
sci725.png,2015 Butkiewicz 10.1109:TVCG.2015.2467962 12.png,,0,,,,
sci726.png,2015 Butkiewicz 10.1109:TVCG.2015.2467962 14.png,,0,,,,
sci727.png,2015 Butkiewicz 10.1109:TVCG.2015.2467962 15.png,,0,,,,
sci728.png,2015 Butkiewicz 10.1109:TVCG.2015.2467962 2.png,,0,,,,
sci729.png,2015 Butkiewicz 10.1109:TVCG.2015.2467962 3.png,,0,,,,
sci730.png,2015 Butkiewicz 10.1109:TVCG.2015.2467962 8.png,,0,,,,
sci731.png,2015 Butkiewicz 10.1109:TVCG.2015.2467962 9.png,,0,,,,
sci732.png,2015 Byska 10.1109:TVCG.2015.2467434 2.png,,1,,,,
sci733.png,2015 Chen 10.1109:TVCG.2015.2467952 1.png,,0,,,,
sci734.png,2015 Chen 10.1109:TVCG.2015.2467952 11.png,,0,,,,
sci735.png,2015 Chen 10.1109:TVCG.2015.2467952 12.png,,1,,,,
sci736.png,2015 Chen 10.1109:TVCG.2015.2467952 13.png,,1,,,,
sci737.png,2015 Chen 10.1109:TVCG.2015.2467952 5.png,,1,,,,
sci738.png,2015 Chen 10.1109:TVCG.2015.2467952 6.png,,0,,,,
sci739.png,2015 Ferstl 10.1109:TVCG.2015.2467204 1.png,,0,,,,
sci740.png,2015 Ferstl 10.1109:TVCG.2015.2467204 13.png,,0,,,,
sci741.png,2015 Ferstl 10.1109:TVCG.2015.2467204 14.png,,0,,,,
sci742.png,2015 Ferstl 10.1109:TVCG.2015.2467204 15.png,,0,,,,
sci743.png,2015 Ferstl 10.1109:TVCG.2015.2467204 16.png,,1,,,,
sci744.png,2015 Ferstl 10.1109:TVCG.2015.2467204 17.png,,0,,,,
sci745.png,2015 Ferstl 10.1109:TVCG.2015.2467204 2.png,,0,,,,
sci746.png,2015 Ferstl 10.1109:TVCG.2015.2467204 3.png,,0,,,,
sci747.png,2015 Ferstl 10.1109:TVCG.2015.2467204 5.png,,0,,,,
sci748.png,2015 Ferstl 10.1109:TVCG.2015.2467204 6.png,,1,,,,
sci749.png,2015 Ferstl 10.1109:TVCG.2015.2467204 7.png,,1,,,,
sci750.png,2015 Gu 10.1109:TVCG.2015.2468031 3.png,,1,,,,
sci751.png,2015 Gu 10.1109:TVCG.2015.2468031 4.png,,0,,,,
sci752.png,2015 Gu 10.1109:TVCG.2015.2468031 5.png,,0,,,,
sci753.png,2015 Gu 10.1109:TVCG.2015.2468031 7.png,,1,,,,
sci754.png,2015 Guo 10.1109:TVCG.2015.2466838 12.png,,1,,,,
sci755.png,2015 GuÃÂÃÂÃÂÃÂ nther 10.1109:TVCG.2015.2467200 1.png,,1,,,,
sci756.png,2015 GuÃÂÃÂÃÂÃÂ nther 10.1109:TVCG.2015.2467200 10.png,,1,,,,
sci757.png,2015 GuÃÂÃÂÃÂÃÂ nther 10.1109:TVCG.2015.2467200 11.png,,0,,,,
sci758.png,2015 GuÃÂÃÂÃÂÃÂ nther 10.1109:TVCG.2015.2467200 12.png,,0,,,,
sci759.png,2015 GuÃÂÃÂÃÂÃÂ nther 10.1109:TVCG.2015.2467200 13.png,,0,,,,
sci760.png,2015 GuÃÂÃÂÃÂÃÂ nther 10.1109:TVCG.2015.2467200 2.png,,1,,,,
sci761.png,2015 GuÃÂÃÂÃÂÃÂ nther 10.1109:TVCG.2015.2467200 3.png,,0,,,,
sci762.png,2015 GuÃÂÃÂÃÂÃÂ nther 10.1109:TVCG.2015.2467200 4.png,,0,,,,
sci763.png,2015 GuÃÂÃÂÃÂÃÂ nther 10.1109:TVCG.2015.2467200 7.png,,0,,,,
sci764.png,2015 GuÃÂÃÂÃÂÃÂ nther 10.1109:TVCG.2015.2467200 8.png,,0,,,,
sci765.png,2015 GuÃÂÃÂÃÂÃÂ nther 10.1109:TVCG.2015.2467200 9.png,,0,,,,
sci766.png,2015 Gyulassy 10.1109:TVCG.2015.2467432 11.png,,0,,,,
sci767.png,2015 Gyulassy 10.1109:TVCG.2015.2467432 12.png,,0,,,,
sci768.png,2015 Gyulassy 10.1109:TVCG.2015.2467432 13.png,,0,,,,
sci769.png,2015 Gyulassy 10.1109:TVCG.2015.2467432 14.png,,0,,,,
sci770.png,2015 Gyulassy 10.1109:TVCG.2015.2467432 15.png,,1,,,,
sci771.png,2015 Gyulassy 10.1109:TVCG.2015.2467432 16.png,,0,,,,
sci772.png,2015 Gyulassy 10.1109:TVCG.2015.2467432 2.png,,0,,,,
sci773.png,2015 Gyulassy 10.1109:TVCG.2015.2467432 5.png,,1,,,,
sci774.png,2015 Gyulassy 10.1109:TVCG.2015.2467432 6.png,,0,,,,
sci775.png,2015 Gyulassy 10.1109:TVCG.2015.2467432 7.png,,0,,,,
sci776.png,2015 Hao 10.1109:TVCG.2015.2468093 1.png,,0,,,,
sci777.png,2015 Hao 10.1109:TVCG.2015.2468093 4.png,,0,,,,
sci778.png,2015 Hermann 10.1109:TVCG.2015.2467198 1.png,,0,,,,
sci779.png,2015 Hermann 10.1109:TVCG.2015.2467198 2.png,,0,,,,
sci780.png,2015 Hermann 10.1109:TVCG.2015.2467198 3.png,,0,,,,
sci781.png,2015 Hermann 10.1109:TVCG.2015.2467198 4.png,,0,,,,
sci782.png,2015 Kappe 10.1109:TVCG.2015.2467291 11.png,,0,,,,
sci783.png,2015 Kappe 10.1109:TVCG.2015.2467291 13.png,,0,,,,
sci784.png,2015 Kappe 10.1109:TVCG.2015.2467291 2.png,,0,,,,
sci785.png,2015 Kappe 10.1109:TVCG.2015.2467291 3.png,,0,,,,
sci786.png,2015 Kappe 10.1109:TVCG.2015.2467291 4.png,,0,,,,
sci787.png,2015 Kappe 10.1109:TVCG.2015.2467291 5.png,,0,,,,
sci788.png,2015 Kappe 10.1109:TVCG.2015.2467291 7.png,,0,,,,
sci789.png,2015 Kappe 10.1109:TVCG.2015.2467291 9.png,,0,,,,
sci790.png,2015 Kindlmann 10.1109:TVCG.2015.2467449 3.png,,0,,,,
sci791.png,2015 Kindlmann 10.1109:TVCG.2015.2467449 4.png,,0,,,,
sci792.png,2015 Kindlmann 10.1109:TVCG.2015.2467449 5.png,,1,,,,
sci793.png,2015 Kindlmann 10.1109:TVCG.2015.2467449 6.png,,0,,,,
sci794.png,2015 Kindlmann 10.1109:TVCG.2015.2467449 7.png,,0,,,,
sci795.png,2015 Kindlmann 10.1109:TVCG.2015.2467449 8.png,,0,,,,
sci796.png,2015 Kindlmann 10.1109:TVCG.2015.2467449 9.png,,1,,,,
sci797.png,2015 Kurzhals 10.1109:TVCG.2015.2468091 12.png,,0,,,,
sci798.png,2015 Lawonn 10.1109:TVCG.2015.2467961 1.png,,0,,,,
sci799.png,2015 Lawonn 10.1109:TVCG.2015.2467961 10.png,,1,,,,
sci800.png,2015 Lawonn 10.1109:TVCG.2015.2467961 11.png,,1,,,,
sci801.png,2015 Lawonn 10.1109:TVCG.2015.2467961 15.png,,1,,,,
sci802.png,2015 Lawonn 10.1109:TVCG.2015.2467961 16.png,,0,,,,
sci803.png,2015 Lawonn 10.1109:TVCG.2015.2467961 17.png,,0,,,,
sci804.png,2015 Lawonn 10.1109:TVCG.2015.2467961 18.png,,0,,,,
sci805.png,2015 Lawonn 10.1109:TVCG.2015.2467961 19.png,,0,,,,
sci806.png,2015 Lawonn 10.1109:TVCG.2015.2467961 2.png,,0,,,,
sci807.png,2015 Lawonn 10.1109:TVCG.2015.2467961 3.png,,1,,,,
sci808.png,2015 Lawonn 10.1109:TVCG.2015.2467961 4.png,,0,,,,
sci809.png,2015 Lawonn 10.1109:TVCG.2015.2467961 5.png,,1,,,,
sci810.png,2015 Lawonn 10.1109:TVCG.2015.2467961 9.png,,0,,,,
sci811.png,2015 Marino 10.1109:TVCG.2015.2467413 1.png,,1,,,,
sci812.png,2015 Marino 10.1109:TVCG.2015.2467413 10.png,,1,,,,
sci813.png,2015 Marino 10.1109:TVCG.2015.2467413 2.png,,0,,,,
sci814.png,2015 Marino 10.1109:TVCG.2015.2467413 3.png,,1,,,,
sci815.png,2015 Marino 10.1109:TVCG.2015.2467413 4.png,,0,,,,
sci816.png,2015 Marino 10.1109:TVCG.2015.2467413 5.png,,0,,,,
sci817.png,2015 Marino 10.1109:TVCG.2015.2467413 6.png,,0,,,,
sci818.png,2015 Marino 10.1109:TVCG.2015.2467413 7.png,,1,,,,
sci819.png,2015 Marino 10.1109:TVCG.2015.2467413 8.png,,1,,,,
sci820.png,2015 Marino 10.1109:TVCG.2015.2467413 9.png,,0,,,,
sci821.png,2015 Matvienko 10.1109:SciVis.2015.7429490 1.png,,0,,,,
sci822.png,2015 Matvienko 10.1109:SciVis.2015.7429490 2.png,,0,,,,
sci823.png,2015 Oeltze-Jafra 10.1109:TVCG.2015.2467203 1.png,,0,,,,
sci824.png,2015 Oeltze-Jafra 10.1109:TVCG.2015.2467203 10.png,,0,,,,
sci825.png,2015 Oeltze-Jafra 10.1109:TVCG.2015.2467203 11.png,,0,,,,
sci826.png,2015 Oeltze-Jafra 10.1109:TVCG.2015.2467203 12.png,,0,,,,
sci827.png,2015 Oeltze-Jafra 10.1109:TVCG.2015.2467203 13.png,,0,,,,
sci828.png,2015 Oeltze-Jafra 10.1109:TVCG.2015.2467203 14.png,,0,,,,
sci829.png,2015 Oeltze-Jafra 10.1109:TVCG.2015.2467203 2.png,,0,,,,
sci830.png,2015 Oeltze-Jafra 10.1109:TVCG.2015.2467203 4.png,,0,,,,
sci831.png,2015 Oeltze-Jafra 10.1109:TVCG.2015.2467203 9.png,,1,,,,
sci832.png,2015 Poco 10.1109:SciVis.2015.7429486 1.png,,0,,,,
sci833.png,2015 Poco 10.1109:SciVis.2015.7429486 2.png,,1,,,,
sci834.png,2015 Schroeder 10.1109:TVCG.2015.2467153 10.png,,0,,,,
sci835.png,2015 Schroeder 10.1109:TVCG.2015.2467153 11.png,,0,,,,
sci836.png,2015 Schroeder 10.1109:TVCG.2015.2467153 5.png,,1,,,,
sci837.png,2015 Schroeder 10.1109:TVCG.2015.2467153 6.png,,1,,,,
sci838.png,2015 Schroeder 10.1109:TVCG.2015.2467153 7.png,,0,,,,
sci839.png,2015 Schroeder 10.1109:TVCG.2015.2467153 8.png,,0,,,,
sci840.png,2015 Schroeder 10.1109:TVCG.2015.2467153 9.png,,0,,,,
sci841.png,2015 Skanberg 10.1109:TVCG.2015.2467293 10.png,,0,,,,
sci842.png,2015 Skanberg 10.1109:TVCG.2015.2467293 12.png,,0,,,,
sci843.png,2015 Skanberg 10.1109:TVCG.2015.2467293 3.png,,1,,,,
sci844.png,2015 Skanberg 10.1109:TVCG.2015.2467293 8.png,,0,,,,
sci845.png,2015 Wald 10.1109:SciVis.2015.7429492 1.png,,1,,,,
sci846.png,2015 Wald 10.1109:SciVis.2015.7429492 2.png,,0,,,,
sci847.png,2015 Wald 10.1109:SciVis.2015.7429492 3.png,,0,,,,
sci848.png,2015 Wald 10.1109:SciVis.2015.7429492 4.png,,1,,,,
sci849.png,2015 Wald 10.1109:SciVis.2015.7429492 5.png,,0,,,,
sci850.png,2015 Wald 10.1109:SciVis.2015.7429492 6.png,,1,,,,
sci851.png,2015 Wald 10.1109:SciVis.2015.7429492 8.png,,0,,,,
sci852.png,2015 Wang 10.1109:TVCG.2015.2467292 13.png,,1,,,,
sci853.png,2015 Wang 10.1109:TVCG.2015.2467292 16.png,,1,,,,
sci854.png,2015 Wang 10.1109:TVCG.2015.2467292 17.png,,0,,,,
sci855.png,2015 Wang 10.1109:TVCG.2015.2467292 19.png,,0,,,,
sci856.png,2015 Wang 10.1109:TVCG.2015.2467292 20.png,,0,,,,
sci857.png,2015 Wang 10.1109:TVCG.2015.2467292 21.png,,0,,,,
sci858.png,2015 Wang 10.1109:TVCG.2015.2467292 22.png,,0,,,,
sci859.png,2015 Wang 10.1109:TVCG.2015.2467292 23.png,,1,,,,
sci860.png,2015 Wang 10.1109:TVCG.2015.2467292 7.png,,0,,,,
sci861.png,2015 Wang 10.1109:TVCG.2015.2467292 8.png,,0,,,,
sci862.png,2015 Wang 10.1109:TVCG.2015.2467292 9.png,,1,,,,
sci863.png,2015 Weiss 10.1109:TVCG.2015.2467412 11.png,,0,,,,
sci864.png,2015 Weiss 10.1109:TVCG.2015.2467412 4.png,,0,,,,
sci865.png,2015 Weiss 10.1109:TVCG.2015.2467412 5.png,,1,,,,
sci866.png,2015 Weiss 10.1109:TVCG.2015.2467412 7.png,,0,,,,
sci867.png,2015 Woodring 10.1109:TVCG.2015.2467411 1.png,,1,,,,
sci868.png,2015 Woodring 10.1109:TVCG.2015.2467411 2.png,,0,,,,
sci869.png,2015 Yu 10.1109:TVCG.2015.2467202 1.png,,0,,,,
sci870.png,2015 Yu 10.1109:TVCG.2015.2467202 2.png,,0,,,,
sci871.png,2015 Yu 10.1109:TVCG.2015.2467202 3.png,,0,,,,
sci872.png,2015 Zhang 10.1109:TVCG.2015.2467435 1.png,,0,,,,
sci873.png,2015 Zhang 10.1109:TVCG.2015.2467435 2.png,,1,,,,
sci874.png,2016 BesancÃÂÃÂÃÂÃÂon 10.1109:TVCG.2016.2599217 1.png,,0,,,,
sci875.png,2016 BesancÃÂÃÂÃÂÃÂon 10.1109:TVCG.2016.2599217 2.png,,0,,,,
sci876.png,2016 Biswas 10.1109:TVCG.2016.2598869 1.png,,0,,,,
sci877.png,2016 Dutta 10.1109:TVCG.2016.2598604 1.png,,0,,,,
sci878.png,2016 Dutta 10.1109:TVCG.2016.2598604 8.png,,0,,,,
sci879.png,2016 Fang 10.1109:TVCG.2016.2599214 8.png,,1,,,,
sci880.png,2016 Ferstl 10.1109:TVCG.2016.2598868 11.png,,0,,,,
sci881.png,2016 Ferstl 10.1109:TVCG.2016.2598868 12.png,,0,,,,
sci882.png,2016 Ferstl 10.1109:TVCG.2016.2598868 2.png,,0,,,,
sci883.png,2016 Ferstl 10.1109:TVCG.2016.2598868 8.png,,1,,,,
sci884.png,2016 Frey 10.1109:TVCG.2016.2599042 1.png,,1,,,,
sci885.png,2016 Frey 10.1109:TVCG.2016.2599042 2.png,,1,,,,
sci886.png,2016 Frey 10.1109:TVCG.2016.2599042 5.png,,0,,,,
sci887.png,2016 Frey 10.1109:TVCG.2016.2599042 6.png,,1,,,,
sci888.png,2016 Frey 10.1109:TVCG.2016.2599042 8.png,,0,,,,
sci889.png,2016 Gerrits 10.1109:TVCG.2016.2598998 10.png,,0,,,,
sci890.png,2016 Gerrits 10.1109:TVCG.2016.2598998 7.png,,1,,,,
sci891.png,2016 Gerrits 10.1109:TVCG.2016.2598998 9.png,,0,,,,
sci892.png,2016 GuÃÂÃÂÃÂÃÂ nther 10.1109:TVCG.2016.2599016 14.png,,0,,,,
sci893.png,2016 GuÃÂÃÂÃÂÃÂ nther 10.1109:TVCG.2016.2599016 15.png,,0,,,,
sci894.png,2016 GuÃÂÃÂÃÂÃÂ nther 10.1109:TVCG.2016.2599016 16.png,,1,,,,
sci895.png,2016 GuÃÂÃÂÃÂÃÂ nther 10.1109:TVCG.2016.2599016 17.png,,1,,,,
sci896.png,2016 GuÃÂÃÂÃÂÃÂ nther 10.1109:TVCG.2016.2599016 18.png,,1,,,,
sci897.png,2016 GuÃÂÃÂÃÂÃÂ nther 10.1109:TVCG.2016.2599016 19.png,,0,,,,
sci898.png,2016 GuÃÂÃÂÃÂÃÂ nther 10.1109:TVCG.2016.2599016 2.png,,0,,,,
sci899.png,2016 GuÃÂÃÂÃÂÃÂ nther 10.1109:TVCG.2016.2599016 20.png,,0,,,,
sci900.png,2016 GuÃÂÃÂÃÂÃÂ nther 10.1109:TVCG.2016.2599016 21.png,,1,,,,
sci901.png,2016 GuÃÂÃÂÃÂÃÂ nther 10.1109:TVCG.2016.2599016 22.png,,0,,,,
sci902.png,2016 GuÃÂÃÂÃÂÃÂ nther 10.1109:TVCG.2016.2599016 3.png,,0,,,,
sci903.png,2016 GuÃÂÃÂÃÂÃÂ nther 10.1109:TVCG.2016.2599016 6.png,,0,,,,
sci904.png,2016 GuÃÂÃÂÃÂÃÂ nther 10.1109:TVCG.2016.2599016 9.png,,0,,,,
sci905.png,2016 Hermosilla 10.1109:TVCG.2016.2598825 1.png,,0,,,,
sci906.png,2016 Hermosilla 10.1109:TVCG.2016.2598825 10.png,,0,,,,
sci907.png,2016 Hermosilla 10.1109:TVCG.2016.2598825 11.png,,0,,,,
sci908.png,2016 Hermosilla 10.1109:TVCG.2016.2598825 12.png,,1,,,,
sci909.png,2016 Hermosilla 10.1109:TVCG.2016.2598825 13.png,,0,,,,
sci910.png,2016 Hermosilla 10.1109:TVCG.2016.2598825 14.png,,0,,,,
sci911.png,2016 Hermosilla 10.1109:TVCG.2016.2598825 2.png,,1,,,,
sci912.png,2016 Hermosilla 10.1109:TVCG.2016.2598825 9.png,,0,,,,
sci913.png,2016 Hu 10.1109:TVCG.2016.2598790 10.png,,0,,,,
sci914.png,2016 Hu 10.1109:TVCG.2016.2598790 12.png,,0,,,,
sci915.png,2016 Hu 10.1109:TVCG.2016.2598790 2.png,,0,,,,
sci916.png,2016 Hu 10.1109:TVCG.2016.2598790 4.png,,0,,,,
sci917.png,2016 Hu 10.1109:TVCG.2016.2598790 6.png,,0,,,,
sci918.png,2016 Hu 10.1109:TVCG.2016.2598790 8.png,,0,,,,
sci919.png,2016 JoÃÂÃÂÃÂÃÂ nsson 10.1109:TVCG.2016.2598430 3.png,,0,,,,
sci920.png,2016 JoÃÂÃÂÃÂÃÂ nsson 10.1109:TVCG.2016.2598430 4.png,,0,,,,
sci921.png,2016 JoÃÂÃÂÃÂÃÂ nsson 10.1109:TVCG.2016.2598430 5.png,,0,,,,
sci922.png,2016 Kolesar 10.1109:TVCG.2016.2598870 1.png,,0,,,,
sci923.png,2016 Kolesar 10.1109:TVCG.2016.2598870 2.png,,0,,,,
sci924.png,2016 Kolesar 10.1109:TVCG.2016.2598870 3.png,,0,,,,
sci925.png,2016 Kolesar 10.1109:TVCG.2016.2598870 4.png,,0,,,,
sci926.png,2016 Kolesar 10.1109:TVCG.2016.2598870 6.png,,1,,,,
sci927.png,2016 Krone 10.1109:TVCG.2016.2598824 1.png,,1,,,,
sci928.png,2016 Krone 10.1109:TVCG.2016.2598824 13.png,,0,,,,
sci929.png,2016 Krone 10.1109:TVCG.2016.2598824 14.png,,0,,,,
sci930.png,2016 Krone 10.1109:TVCG.2016.2598824 15.png,,0,,,,
sci931.png,2016 Krone 10.1109:TVCG.2016.2598824 2.png,,0,,,,
sci932.png,2016 Krone 10.1109:TVCG.2016.2598824 25.png,,1,,,,
sci933.png,2016 Krone 10.1109:TVCG.2016.2598824 26.png,,0,,,,
sci934.png,2016 Krone 10.1109:TVCG.2016.2598824 27.png,,0,,,,
sci935.png,2016 Krone 10.1109:TVCG.2016.2598824 28.png,,0,,,,
sci936.png,2016 Krone 10.1109:TVCG.2016.2598824 29.png,,0,,,,
sci937.png,2016 Krone 10.1109:TVCG.2016.2598824 3.png,,0,,,,
sci938.png,2016 Krone 10.1109:TVCG.2016.2598824 4.png,,0,,,,
sci939.png,2016 Krone 10.1109:TVCG.2016.2598824 5.png,,0,,,,
sci940.png,2016 Krone 10.1109:TVCG.2016.2598824 6.png,,0,,,,
sci941.png,2016 Krone 10.1109:TVCG.2016.2598824 7.png,,0,,,,
sci942.png,2016 Krone 10.1109:TVCG.2016.2598824 8.png,,1,,,,
sci943.png,2016 Krone 10.1109:TVCG.2016.2598824 9.png,,0,,,,
sci944.png,2016 Meuschke 10.1109:TVCG.2016.2598795 10.png,,0,,,,
sci945.png,2016 Meuschke 10.1109:TVCG.2016.2598795 11.png,,1,,,,
sci946.png,2016 Meuschke 10.1109:TVCG.2016.2598795 12.png,,0,,,,
sci947.png,2016 Meuschke 10.1109:TVCG.2016.2598795 13.png,,1,,,,
sci948.png,2016 Meuschke 10.1109:TVCG.2016.2598795 14.png,,0,,,,
sci949.png,2016 Meuschke 10.1109:TVCG.2016.2598795 2.png,,0,,,,
sci950.png,2016 Meuschke 10.1109:TVCG.2016.2598795 3.png,,0,,,,
sci951.png,2016 Meuschke 10.1109:TVCG.2016.2598795 8.png,,1,,,,
sci952.png,2016 Meuschke 10.1109:TVCG.2016.2598795 9.png,,1,,,,
sci953.png,2016 Nadeem 10.1109:TVCG.2016.2598791 1.png,,1,,,,
sci954.png,2016 Nadeem 10.1109:TVCG.2016.2598791 10.png,,0,,,,
sci955.png,2016 Nadeem 10.1109:TVCG.2016.2598791 11.png,,0,,,,
sci956.png,2016 Nadeem 10.1109:TVCG.2016.2598791 12.png,,0,,,,
sci957.png,2016 Nadeem 10.1109:TVCG.2016.2598791 13.png,,0,,,,
sci958.png,2016 Nadeem 10.1109:TVCG.2016.2598791 2.png,,0,,,,
sci959.png,2016 Nadeem 10.1109:TVCG.2016.2598791 8.png,,0,,,,
sci960.png,2016 Nadeem 10.1109:TVCG.2016.2598791 9.png,,0,,,,
sci961.png,2016 Rocha 10.1109:TVCG.2016.2598866 1.png,,0,,,,
sci962.png,2016 Rocha 10.1109:TVCG.2016.2598866 10.png,,0,,,,
sci963.png,2016 Rocha 10.1109:TVCG.2016.2598866 11.png,,0,,,,
sci964.png,2016 Rocha 10.1109:TVCG.2016.2598866 2.png,,0,,,,
sci965.png,2016 Rocha 10.1109:TVCG.2016.2598866 3.png,,0,,,,
sci966.png,2016 Rocha 10.1109:TVCG.2016.2598866 4.png,,0,,,,
sci967.png,2016 Rocha 10.1109:TVCG.2016.2598866 5.png,,0,,,,
sci968.png,2016 Rocha 10.1109:TVCG.2016.2598866 6.png,,0,,,,
sci969.png,2016 Rocha 10.1109:TVCG.2016.2598866 8.png,,0,,,,
sci970.png,2016 Sagrista 10.1109:TVCG.2016.2599018 10.png,,0,,,,
sci971.png,2016 Sagrista 10.1109:TVCG.2016.2599018 13.png,,0,,,,
sci972.png,2016 Sagrista 10.1109:TVCG.2016.2599018 14.png,,0,,,,
sci973.png,2016 Sagrista 10.1109:TVCG.2016.2599018 15.png,,0,,,,
sci974.png,2016 Sagrista 10.1109:TVCG.2016.2599018 16.png,,0,,,,
sci975.png,2016 Sagrista 10.1109:TVCG.2016.2599018 17.png,,0,,,,
sci976.png,2016 Sagrista 10.1109:TVCG.2016.2599018 18.png,,0,,,,
sci977.png,2016 Sagrista 10.1109:TVCG.2016.2599018 19.png,,0,,,,
sci978.png,2016 Sagrista 10.1109:TVCG.2016.2599018 20.png,,0,,,,
sci979.png,2016 Sagrista 10.1109:TVCG.2016.2599018 21.png,,0,,,,
sci980.png,2016 Sagrista 10.1109:TVCG.2016.2599018 22.png,,0,,,,
sci981.png,2016 Sagrista 10.1109:TVCG.2016.2599018 23.png,,1,,,,
sci982.png,2016 Sagrista 10.1109:TVCG.2016.2599018 24.png,,0,,,,
sci983.png,2016 Sagrista 10.1109:TVCG.2016.2599018 25.png,,0,,,,
sci984.png,2016 Sagrista 10.1109:TVCG.2016.2599018 9.png,,0,,,,
sci985.png,2016 Schneider 10.1109:TVCG.2016.2599043 12.png,,0,,,,
sci986.png,2016 Schneider 10.1109:TVCG.2016.2599043 13.png,,0,,,,
sci987.png,2016 Schneider 10.1109:TVCG.2016.2599043 14.png,,0,,,,
sci988.png,2016 Schneider 10.1109:TVCG.2016.2599043 15.png,,0,,,,
sci989.png,2016 Smit 10.1109:TVCG.2016.2598826 1.png,,0,,,,
sci990.png,2016 Smit 10.1109:TVCG.2016.2598826 2.png,,0,,,,
sci991.png,2016 Smit 10.1109:TVCG.2016.2598826 3.png,,0,,,,
sci992.png,2016 Smit 10.1109:TVCG.2016.2598826 5.png,,0,,,,
sci993.png,2016 Smit 10.1109:TVCG.2016.2598826 7.png,,0,,,,
sci994.png,2016 Smit 10.1109:TVCG.2016.2598826 8.png,,1,,,,
sci995.png,2016 Stevens 10.1109:TVCG.2016.2598448 1.png,,0,,,,
sci996.png,2016 Stevens 10.1109:TVCG.2016.2598448 2.png,,0,,,,
sci997.png,2016 Stevens 10.1109:TVCG.2016.2598448 3.png,,0,,,,
sci998.png,2016 Stevens 10.1109:TVCG.2016.2598448 4.png,,0,,,,
sci999.png,2016 Stevens 10.1109:TVCG.2016.2598448 5.png,,0,,,,
sci1000.png,2016 Stoppel 10.1109:TVCG.2016.2599211 15.png,,1,,,,
sci1001.png,2016 Tierny 10.1109:TVCG.2016.2599017 10.png,,0,,,,
sci1002.png,2016 Tierny 10.1109:TVCG.2016.2599017 11.png,,0,,,,
sci1003.png,2016 Tierny 10.1109:TVCG.2016.2599017 12.png,,0,,,,
sci1004.png,2016 Tong 10.1109:TVCG.2016.2599049 10.png,,0,,,,
sci1005.png,2016 Tong 10.1109:TVCG.2016.2599049 11.png,,0,,,,
sci1006.png,2016 Tong 10.1109:TVCG.2016.2599049 7.png,,0,,,,
sci1007.png,2016 Tong 10.1109:TVCG.2016.2599049 8.png,,0,,,,
sci1008.png,2016 Tong 10.1109:TVCG.2016.2599049 9.png,,0,,,,
sci1009.png,2016 Wald 10.1109:TVCG.2016.2599041 1.png,,0,,,,
sci1010.png,2016 Wald 10.1109:TVCG.2016.2599041 10.png,,0,,,,
sci1011.png,2016 Wald 10.1109:TVCG.2016.2599041 11.png,,0,,,,
sci1012.png,2016 Wald 10.1109:TVCG.2016.2599041 12.png,,0,,,,
sci1013.png,2016 Wald 10.1109:TVCG.2016.2599041 13.png,,0,,,,
sci1014.png,2016 Wald 10.1109:TVCG.2016.2599041 14.png,,0,,,,
sci1015.png,2016 Wald 10.1109:TVCG.2016.2599041 15.png,,0,,,,
sci1016.png,2016 Wald 10.1109:TVCG.2016.2599041 16.png,,1,,,,
sci1017.png,2016 Wald 10.1109:TVCG.2016.2599041 3.png,,0,,,,
sci1018.png,2016 Wald 10.1109:TVCG.2016.2599041 5.png,,0,,,,
sci1019.png,2016 Wald 10.1109:TVCG.2016.2599041 6.png,,0,,,,
sci1020.png,2016 Wald 10.1109:TVCG.2016.2599041 9.png,,0,,,,
sci1021.png,2016 Wu 10.1109:TVCG.2016.2599040 1.png,,1,,,,
sci1022.png,2016 Wu 10.1109:TVCG.2016.2599040 10.png,,0,,,,
sci1023.png,2016 Wu 10.1109:TVCG.2016.2599040 11.png,,0,,,,
sci1024.png,2016 Wu 10.1109:TVCG.2016.2599040 12.png,,0,,,,
sci1025.png,2016 Wu 10.1109:TVCG.2016.2599040 13.png,,0,,,,
sci1026.png,2016 Wu 10.1109:TVCG.2016.2599040 2.png,,0,,,,
sci1027.png,2016 Wu 10.1109:TVCG.2016.2599040 4.png,,0,,,,
sci1028.png,2016 Wu 10.1109:TVCG.2016.2599040 5.png,,1,,,,
sci1029.png,2016 Wu 10.1109:TVCG.2016.2599040 9.png,,0,,,,
sci1030.png,2017 Bladin 10.1109:TVCG.2017.2743958 4.png,,0,,,,
sci1031.png,2017 Bock 10.1109:TVCG.2017.2743980 2.png,,0,,,,
sci1032.png,2017 Bock 10.1109:TVCG.2017.2743980 3.png,,0,,,,
sci1033.png,2017 Bock 10.1109:TVCG.2017.2743980 4.png,,0,,,,
sci1034.png,2017 Bock 10.1109:TVCG.2017.2743980 5.png,,0,,,,
sci1035.png,2017 Bock 10.1109:TVCG.2017.2743980 6.png,,1,,,,
sci1036.png,2017 Bock 10.1109:TVCG.2017.2743980 7.png,,0,,,,
sci1037.png,2017 Hadwiger 10.1109:TVCG.2017.2744238 1.png,,0,,,,
sci1038.png,2017 Hadwiger 10.1109:TVCG.2017.2744238 2.png,,1,,,,
sci1039.png,2017 Hazarika 10.1109:TVCG.2017.2744099 9.png,,1,,,,
sci1040.png,2017 Ibrahim 10.1109:TVCG.2017.2743979 8.png,,0,,,,
sci1041.png,2017 Jallepalli 10.1109:TVCG.2017.2744058 1.png,,0,,,,
sci1042.png,2017 Jallepalli 10.1109:TVCG.2017.2744058 10.png,,0,,,,
sci1043.png,2017 Jallepalli 10.1109:TVCG.2017.2744058 11.png,,0,,,,
sci1044.png,2017 Jallepalli 10.1109:TVCG.2017.2744058 12.png,,0,,,,
sci1045.png,2017 Jallepalli 10.1109:TVCG.2017.2744058 4.png,,0,,,,
sci1046.png,2017 Kern 10.1109:TVCG.2017.2743989 11.png,,0,,,,
sci1047.png,2017 Kern 10.1109:TVCG.2017.2743989 12.png,,0,,,,
sci1048.png,2017 Kern 10.1109:TVCG.2017.2743989 13.png,,0,,,,
sci1049.png,2017 Kern 10.1109:TVCG.2017.2743989 14.png,,0,,,,
sci1050.png,2017 Kern 10.1109:TVCG.2017.2743989 15.png,,0,,,,
sci1051.png,2017 Kern 10.1109:TVCG.2017.2743989 16.png,,0,,,,
sci1052.png,2017 Kern 10.1109:TVCG.2017.2743989 17.png,,0,,,,
sci1053.png,2017 Kern 10.1109:TVCG.2017.2743989 18.png,,0,,,,
sci1054.png,2017 Kern 10.1109:TVCG.2017.2743989 19.png,,0,,,,
sci1055.png,2017 Kern 10.1109:TVCG.2017.2743989 20.png,,0,,,,
sci1056.png,2017 Kern 10.1109:TVCG.2017.2743989 21.png,,0,,,,
sci1057.png,2017 Kern 10.1109:TVCG.2017.2743989 9.png,,0,,,,
sci1058.png,2017 Klein 10.1109:TVCG.2017.2744258 1.png,,0,,,,
sci1059.png,2017 Klein 10.1109:TVCG.2017.2744258 13.png,,0,,,,
sci1060.png,2017 Klein 10.1109:TVCG.2017.2744258 14.png,,0,,,,
sci1061.png,2017 Klein 10.1109:TVCG.2017.2744258 15.png,,0,,,,
sci1062.png,2017 Klein 10.1109:TVCG.2017.2744258 16.png,,0,,,,
sci1063.png,2017 Klein 10.1109:TVCG.2017.2744258 17.png,,0,,,,
sci1064.png,2017 Klein 10.1109:TVCG.2017.2744258 18.png,,1,,,,
sci1065.png,2017 Klein 10.1109:TVCG.2017.2744258 19.png,,0,,,,
sci1066.png,2017 Klein 10.1109:TVCG.2017.2744258 2.png,,1,,,,
sci1067.png,2017 Klein 10.1109:TVCG.2017.2744258 20.png,,0,,,,
sci1068.png,2017 Klein 10.1109:TVCG.2017.2744258 21.png,,0,,,,
sci1069.png,2017 Klein 10.1109:TVCG.2017.2744258 22.png,,0,,,,
sci1070.png,2017 Klein 10.1109:TVCG.2017.2744258 23.png,,0,,,,
sci1071.png,2017 Klein 10.1109:TVCG.2017.2744258 24.png,,0,,,,
sci1072.png,2017 Klein 10.1109:TVCG.2017.2744258 3.png,,1,,,,
sci1073.png,2017 Klein 10.1109:TVCG.2017.2744258 6.png,,0,,,,
sci1074.png,2017 Magnus 10.1109:TVCG.2017.2744438 1.png,,0,,,,
sci1075.png,2017 Magnus 10.1109:TVCG.2017.2744438 10.png,,0,,,,
sci1076.png,2017 Magnus 10.1109:TVCG.2017.2744438 11.png,,0,,,,
sci1077.png,2017 Magnus 10.1109:TVCG.2017.2744438 12.png,,0,,,,
sci1078.png,2017 Magnus 10.1109:TVCG.2017.2744438 3.png,,0,,,,
sci1079.png,2017 Magnus 10.1109:TVCG.2017.2744438 4.png,,0,,,,
sci1080.png,2017 Magnus 10.1109:TVCG.2017.2744438 6.png,,0,,,,
sci1081.png,2017 Magnus 10.1109:TVCG.2017.2744438 7.png,,0,,,,
sci1082.png,2017 Magnus 10.1109:TVCG.2017.2744438 9.png,,0,,,,
sci1083.png,2017 Miao 10.1109:TVCG.2017.2743981 3.png,,0,,,,
sci1084.png,2017 Mindek 10.1109:TVCG.2017.2744518 1.png,,0,,,,
sci1085.png,2017 Mindek 10.1109:TVCG.2017.2744518 11.png,,1,,,,
sci1086.png,2017 Mindek 10.1109:TVCG.2017.2744518 12.png,,0,,,,
sci1087.png,2017 Mindek 10.1109:TVCG.2017.2744518 13.png,,0,,,,
sci1088.png,2017 Mindek 10.1109:TVCG.2017.2744518 14.png,,0,,,,
sci1089.png,2017 Mindek 10.1109:TVCG.2017.2744518 16.png,,1,,,,
sci1090.png,2017 Mindek 10.1109:TVCG.2017.2744518 17.png,,0,,,,
sci1091.png,2017 Mindek 10.1109:TVCG.2017.2744518 19.png,,0,,,,
sci1092.png,2017 Mindek 10.1109:TVCG.2017.2744518 2.png,,0,,,,
sci1093.png,2017 Mindek 10.1109:TVCG.2017.2744518 3.png,,0,,,,
sci1094.png,2017 Mindek 10.1109:TVCG.2017.2744518 4.png,,0,,,,
sci1095.png,2017 Mindek 10.1109:TVCG.2017.2744518 5.png,,0,,,,
sci1096.png,2017 Mindek 10.1109:TVCG.2017.2744518 6.png,,0,,,,
sci1097.png,2017 Mindek 10.1109:TVCG.2017.2744518 7.png,,0,,,,
sci1098.png,2017 Mindek 10.1109:TVCG.2017.2744518 8.png,,0,,,,
sci1099.png,2017 Mindek 10.1109:TVCG.2017.2744518 9.png,,0,,,,
sci1100.png,2017 Mohammed 10.1109:TVCG.2017.2744278 1.png,,0,,,,
sci1101.png,2017 Mohammed 10.1109:TVCG.2017.2744278 10.png,,0,,,,
sci1102.png,2017 Mohammed 10.1109:TVCG.2017.2744278 11.png,,0,,,,
sci1103.png,2017 Mohammed 10.1109:TVCG.2017.2744278 15.png,,0,,,,
sci1104.png,2017 Mohammed 10.1109:TVCG.2017.2744278 16.png,,0,,,,
sci1105.png,2017 Mohammed 10.1109:TVCG.2017.2744278 17.png,,0,,,,
sci1106.png,2017 Mohammed 10.1109:TVCG.2017.2744278 18.png,,1,,,,
sci1107.png,2017 Mohammed 10.1109:TVCG.2017.2744278 19.png,,1,,,,
sci1108.png,2017 Mohammed 10.1109:TVCG.2017.2744278 2.png,,0,,,,
sci1109.png,2017 Mohammed 10.1109:TVCG.2017.2744278 3.png,,1,,,,
sci1110.png,2017 Mohammed 10.1109:TVCG.2017.2744278 4.png,,0,,,,
sci1111.png,2017 Mohammed 10.1109:TVCG.2017.2744278 5.png,,0,,,,
sci1112.png,2017 Mohammed 10.1109:TVCG.2017.2744278 6.png,,0,,,,
sci1113.png,2017 Mohammed 10.1109:TVCG.2017.2744278 7.png,,1,,,,
sci1114.png,2017 Mohammed 10.1109:TVCG.2017.2744278 9.png,,1,,,,
sci1115.png,2017 Quan 10.1109:TVCG.2017.2744078 10.png,,1,,,,
sci1116.png,2017 Quan 10.1109:TVCG.2017.2744078 8.png,,0,,,,
sci1117.png,2017 Roy 10.1109:TVCG.2017.2744038 1.png,,0,,,,
sci1118.png,2017 Roy 10.1109:TVCG.2017.2744038 2.png,,0,,,,
sci1119.png,2017 Roy 10.1109:TVCG.2017.2744038 3.png,,0,,,,
sci1120.png,2017 Roy 10.1109:TVCG.2017.2744038 7.png,,0,,,,
sci1121.png,2017 Roy 10.1109:TVCG.2017.2744038 9.png,,0,,,,
sci1122.png,2017 Sakhaee 10.1109:TVCG.2016.2637333 17.png,,1,,,,
sci1123.png,2017 Sakhaee 10.1109:TVCG.2016.2637333 23.png,,0,,,,
sci1124.png,2017 Sakhaee 10.1109:TVCG.2016.2637333 24.png,,0,,,,
sci1125.png,2017 Sakhaee 10.1109:TVCG.2016.2637333 25.png,,0,,,,
sci1126.png,2017 Sakhaee 10.1109:TVCG.2016.2637333 26.png,,0,,,,
sci1127.png,2017 Sakhaee 10.1109:TVCG.2016.2637333 30.png,,0,,,,
sci1128.png,2017 Sakhaee 10.1109:TVCG.2016.2637333 35.png,,0,,,,
sci1129.png,2017 Sakhaee 10.1109:TVCG.2016.2637333 36.png,,0,,,,
sci1130.png,2017 Sakhaee 10.1109:TVCG.2016.2637333 37.png,,0,,,,
sci1131.png,2017 Sakhaee 10.1109:TVCG.2016.2637333 6.png,,0,,,,
sci1132.png,2017 Sauer 10.1109:TVCG.2016.2620975 6.png,,0,,,,
sci1133.png,2017 Sauer 10.1109:TVCG.2016.2620975 7.png,,0,,,,
sci1134.png,2017 Sauer 10.1109:TVCG.2016.2620975 8.png,,0,,,,
sci1135.png,2017 Sauer 10.1109:TVCG.2016.2620975 9.png,,1,,,,
sci1136.png,2017 Tierny 10.1109:TVCG.2017.2743938 2.png,,0,,,,
sci1137.png,2017 Tierny 10.1109:TVCG.2017.2743938 6.png,,0,,,,
sci1138.png,2017 Usher 10.1109:TVCG.2017.2744079 14.png,,0,,,,
sci1139.png,2017 Usher 10.1109:TVCG.2017.2744079 19.png,,0,,,,
sci1140.png,2017 Usher 10.1109:TVCG.2017.2744079 8.png,,0,,,,
sci1141.png,2017 Zhang 10.1109:TVCG.2017.2744059 3.png,,0,,,,
sci1142.png,2017 Zhang 10.1109:TVCG.2017.2744059 4.png,,0,,,,
